국가별,시점,외환보유액,금제외
아시아,1995,,
아시아,1996,,
아시아,1997,,
아시아,1998,,
아시아,1999,,
아시아,2000,,
아시아,2001,,
아시아,2002,,
아시아,2003,,
아시아,2004,,
아시아,2005,,
아시아,2006,,
아시아,2007,,
아시아,2008,,
아시아,2009,,
아시아,2010,,
아시아,2011,,
아시아,2012,,
아시아,2013,,
아시아,2014,,
아시아,2015,,
아시아,2016,,
아시아,2017,,
아시아,2018,,
아시아,2019,,
아시아,2020,,
한국,1995,32712,32678
한국,1996,33237,33201
한국,1997,20405,20369
한국,1998,52041,51974
한국,1999,74055,73987
한국,2000,96198,96130
한국,2001,102821,102753
한국,2002,121413,121343
한국,2003,155352,155281
한국,2004,199066,198994
한국,2005,210391,210317
한국,2006,238956,238882
한국,2007,262224,262150
한국,2008,201223,201148
한국,2009,269995,269916
한국,2010,291571,291491
한국,2011,306402,304236
한국,2012,326968,323207
한국,2013,346460,341665
한국,2014,363593,358798
한국,2015,367962,363167
한국,2016,371102,366307
한국,2017,389267,384472
한국,2018,403694,398900
한국,2019,408816,404021
한국,2020,443098,438303
이스라엘,1995,8120,8119
이스라엘,1996,11415,11415
이스라엘,1997,20332,20332
이스라엘,1998,22674,22674
이스라엘,1999,22605,22605
이스라엘,2000,23281,23281
이스라엘,2001,23379,23379
이스라엘,2002,24083,24083
이스라엘,2003,26315,26315
이스라엘,2004,27094,27094
이스라엘,2005,28059,28059
이스라엘,2006,29153,29153
이스라엘,2007,28519,28519
이스라엘,2008,42513,42513
이스라엘,2009,60611,60611
이스라엘,2010,70907,70907
이스라엘,2011,74874,74874
이스라엘,2012,75908,75908
이스라엘,2013,81786,81786
이스라엘,2014,86101,86101
이스라엘,2015,90575,90575
이스라엘,2016,95446,95446
이스라엘,2017,113010,113010
이스라엘,2018,115266,115266
이스라엘,2019,126008,126008
이스라엘,2020,173292,173292
일본,1995,184510,183250
일본,1996,217867,216648
일본,1997,220792,219648
일본,1998,216665,215471
일본,1999,288080,286916
일본,2000,361639,354902
일본,2001,401958,395155
일본,2002,469728,461186
일본,2003,673530,663289
일본,2004,844667,833891
일본,2005,846896,834275
일본,2006,895321,879682
일본,2007,973364,952784
일본,2008,1030646,1009365
일본,2009,1052061,1024900
일본,2010,1104680,1069985
일본,2011,1295838,1258172
일본,2012,1268086,1227147
일본,2013,1266778,1237218
일본,2014,1260514,1231010
일본,2015,1233153,1207019
일본,2016,1216843,1188327
일본,2017,1264141,1232244
일본,2018,1270466,1238935
일본,2019,1322443,1284974
일본,2020,1390809,1344283
터키,1995,13825,12442
터키,1996,17819,16436
터키,1997,20042,18658
터키,1998,20613,19489
터키,1999,24357,23346
터키,2000,23498,22488
터키,2001,19871,18879
터키,2002,28101,27069
터키,2003,35549,33991
터키,2004,37252,35669
터키,2005,52491,50579
터키,2006,63265,60892
터키,2007,76506,73384
터키,2008,73657,70428
터키,2009,74995,70874
터키,2010,85971,80713
터키,2011,88210,78322
터키,2012,119177,99943
터키,2013,131004,110927
터키,2014,127307,106906
터키,2015,110527,92921
터키,2016,104971,90919
터키,2017,107657,84115
터키,2018,92997,72867
터키,2019,105620,78532
터키,2020,93199,49958
북아메리카,1995,,
북아메리카,1996,,
북아메리카,1997,,
북아메리카,1998,,
북아메리카,1999,,
북아메리카,2000,,
북아메리카,2001,,
북아메리카,2002,,
북아메리카,2003,,
북아메리카,2004,,
북아메리카,2005,,
북아메리카,2006,,
북아메리카,2007,,
북아메리카,2008,,
북아메리카,2009,,
북아메리카,2010,,
북아메리카,2011,,
북아메리카,2012,,
북아메리카,2013,,
북아메리카,2014,,
북아메리카,2015,,
북아메리카,2016,,
북아메리카,2017,,
북아메리카,2018,,
북아메리카,2019,,
북아메리카,2020,,
캐나다,1995,15227,15049
캐나다,1996,20577,20422
캐나다,1997,17969,17823
캐나다,1998,23429,23307
캐나다,1999,28650,28126
캐나다,2000,32425,32102
캐나다,2001,34253,33962
캐나다,2002,37189,36984
캐나다,2003,36267,36222
캐나다,2004,34477,34429
캐나다,2005,33018,32962
캐나다,2006,35063,34994
캐나다,2007,41082,40991
캐나다,2008,43873,43778
캐나다,2009,54357,54238
캐나다,2010,57151,56998
캐나다,2011,65819,65652
캐나다,2012,68546,68365
캐나다,2013,71936,71821
캐나다,2014,74700,74584
캐나다,2015,79753,79695
캐나다,2016,82718,82718
캐나다,2017,86678,86678
캐나다,2018,83926,83926
캐나다,2019,85297,85297
캐나다,2020,90428,90428
멕시코,1995,17045,16847
멕시코,1996,19527,19433
멕시코,1997,28853,28797
멕시코,1998,31863,31799
멕시코,1999,31829,31782
멕시코,2000,35577,35509
멕시코,2001,44805,44741
멕시코,2002,50672,50594
멕시코,2003,59026,58956
멕시코,2004,64202,64141
멕시코,2005,74110,74054
멕시코,2006,76329,76271
멕시코,2007,87208,87109
멕시코,2008,95298,95126
멕시코,2009,99892,99589
멕시코,2010,120587,120265
멕시코,2011,149208,143991
멕시코,2012,167050,160413
멕시코,2013,180200,175432
멕시코,2014,195682,190923
멕시코,2015,177597,173458
멕시코,2016,178025,173536
멕시코,2017,175448,170458
멕시코,2018,176380,171445
멕시코,2019,183024,177177
멕시코,2020,199056,191769
미국,1995,85831,74781
미국,1996,75089,64041
미국,1997,69954,58907
미국,1998,81760,70715
미국,1999,71548,60500
미국,2000,67646,56600
미국,2001,68679,57634
미국,2002,79005,67962
미국,2003,85937,74894
미국,2004,86935,75890
미국,2005,65127,54084
미국,2006,65895,54854
미국,2007,70565,59524
미국,2008,77648,66607
미국,2009,130760,119719
미국,2010,132433,121392
미국,2011,147953,136912
미국,2012,150175,139134
미국,2013,144575,133533
미국,2014,130090,119048
미국,2015,117581,106540
미국,2016,117332,106291
미국,2017,123293,112252
미국,2018,125798,114757
미국,2019,129479,118438
미국,2020,144890,133849
남아메리카,1995,,
남아메리카,1996,,
남아메리카,1997,,
남아메리카,1998,,
남아메리카,1999,,
남아메리카,2000,,
남아메리카,2001,,
남아메리카,2002,,
남아메리카,2003,,
남아메리카,2004,,
남아메리카,2005,,
남아메리카,2006,,
남아메리카,2007,,
남아메리카,2008,,
남아메리카,2009,,
남아메리카,2010,,
남아메리카,2011,,
남아메리카,2012,,
남아메리카,2013,,
남아메리카,2014,,
남아메리카,2015,,
남아메리카,2016,,
남아메리카,2017,,
남아메리카,2018,,
남아메리카,2019,,
남아메리카,2020,,
칠레,1995,14783,14140
칠레,1996,15610,14973
칠레,1997,18106,17573
칠레,1998,16191,15869
칠레,1999,14933,14617
칠레,2000,15353,15035
칠레,2001,14398,14379
칠레,2002,15343,15341
칠레,2003,15842,15840
칠레,2004,15997,15994
칠레,2005,16933,16929
칠레,2006,19396,19392
칠레,2007,16842,16837
칠레,2008,23078,23072
칠레,2009,25292,25283
칠레,2010,27828,27816
칠레,2011,41944,41932
칠레,2012,41649,41636
칠레,2013,41093,41084
칠레,2014,40447,40438
칠레,2015,38641,38633
칠레,2016,40493,40484
칠레,2017,38982,38971
칠레,2018,39859,39849
칠레,2019,40656,40643
칠레,2020,39166,39151
콜롬비아,1995,8468,8349
콜롬비아,1996,9938,9845
콜롬비아,1997,9906,9803
콜롬비아,1998,8754,8651
콜롬비아,1999,8103,8008
콜롬비아,2000,9005,8916
콜롬비아,2001,10245,10154
콜롬비아,2002,10844,10732
콜롬비아,2003,10920,10784
콜롬비아,2004,13537,13394
콜롬비아,2005,14955,14787
콜롬비아,2006,15437,15296
콜롬비아,2007,20952,20767
콜롬비아,2008,23670,23479
콜롬비아,2009,24991,24748
콜롬비아,2010,28077,27766
콜롬비아,2011,31910,31386
콜롬비아,2012,36998,36444
콜롬비아,2013,43158,42758
콜롬비아,2014,46807,46408
콜롬비아,2015,46223,46104
콜롬비아,2016,46176,45962
콜롬비아,2017,47131,46699
콜롬비아,2018,47888,47359
콜롬비아,2019,52652,51973
콜롬비아,2020,58500,58248
코스타리카,1995,1047,1047
코스타리카,1996,1000,1000
코스타리카,1997,1262,1262
코스타리카,1998,1063,1063
코스타리카,1999,1460,1460
코스타리카,2000,1318,1318
코스타리카,2001,1330,1330
코스타리카,2002,1502,1502
코스타리카,2003,1839,1839
코스타리카,2004,1922,1922
코스타리카,2005,2313,2313
코스타리카,2006,3115,3115
코스타리카,2007,4114,4114
코스타리카,2008,3799,3799
코스타리카,2009,4066,4066
코스타리카,2010,4627,4627
코스타리카,2011,4756,4756
코스타리카,2012,6857,6857
코스타리카,2013,7331,7331
코스타리카,2014,7211,7211
코스타리카,2015,7834,7834
코스타리카,2016,7574,7574
코스타리카,2017,7150,7150
코스타리카,2018,7501,7501
코스타리카,2019,8937,8937
코스타리카,2020,7232,7232
유럽,1995,,
유럽,1996,,
유럽,1997,,
유럽,1998,,
유럽,1999,,
유럽,2000,,
유럽,2001,,
유럽,2002,,
유럽,2003,,
유럽,2004,,
유럽,2005,,
유럽,2006,,
유럽,2007,,
유럽,2008,,
유럽,2009,,
유럽,2010,,
유럽,2011,,
유럽,2012,,
유럽,2013,,
유럽,2014,,
유럽,2015,,
유럽,2016,,
유럽,2017,,
유럽,2018,,
유럽,2019,,
유럽,2020,,
오스트리아,1995,20954,18730
오스트리아,1996,24670,22865
오스트리아,1997,20904,19736
오스트리아,1998,25227,22432
오스트리아,1999,18923,15120
오스트리아,2000,17650,14319
오스트리아,2001,15598,12509
오스트리아,2002,13182,9683
오스트리아,2003,12729,8470
오스트리아,2004,12188,7858
오스트리아,2005,11828,6839
오스트리아,2006,12911,7010
오스트리아,2007,18219,10689
오스트리아,2008,16699,8912
오스트리아,2009,18052,8114
오스트리아,2010,22284,9589
오스트리아,2011,25161,10987
오스트리아,2012,27211,12232
오스트리아,2013,23290,12474
오스트리아,2014,24941,14145
오스트리아,2015,22236,12698
오스트리아,2016,23359,12940
오스트리아,2017,21574,9894
오스트리아,2018,23207,11653
오스트리아,2019,23600,9906
오스트리아,2020,30470,13416
벨기에,1995,23483,16177
벨기에,1996,23124,16953
벨기에,1997,21330,16190
벨기에,1998,20837,18272
벨기에,1999,13346,10938
벨기에,2000,12271,9994
벨기에,2001,13560,11266
벨기에,2002,14698,11855
벨기에,2003,14449,10989
벨기에,2004,13991,10361
벨기에,2005,11996,8241
벨기에,2006,13437,8783
벨기에,2007,16506,10384
벨기에,2008,15646,9318
벨기에,2009,23982,15907
벨기에,2010,26814,16499
벨기에,2011,29432,17918
벨기에,2012,30769,18600
벨기에,2013,26924,18139
벨기에,2014,25395,16626
벨기에,2015,24099,16352
벨기에,2016,23565,15103
벨기에,2017,26159,16673
벨기에,2018,26870,17487
벨기에,2019,28957,17835
벨기에,2020,33321,19470
체코,1995,14613,13843
체코,1996,13085,12352
체코,1997,10037,9734
체코,1998,12625,12542
체코,1999,12936,12806
체코,2000,13142,13019
체코,2001,14464,14341
체코,2002,23710,23556
체코,2003,26957,26771
체코,2004,28449,28259
체코,2005,29555,29330
체코,2006,31454,31182
체코,2007,34905,34550
체코,2008,37013,36655
체코,2009,41611,41157
체코,2010,42493,41909
체코,2011,40291,39670
체코,2012,44883,44265
체코,2013,56217,55798
체코,2014,54493,54085
체코,2015,64491,64148
체코,2016,85729,85366
체코,2017,147976,147583
체코,2018,142512,142151
체코,2019,149855,149464
체코,2020,166113,165541
덴마크,1995,11729,11016
덴마크,1996,14730,14140
덴마크,1997,19669,19124
덴마크,1998,15941,15264
덴마크,1999,22818,22287
덴마크,2000,15678,15108
덴마크,2001,17667,17110
덴마크,2002,27688,26986
덴마크,2003,37977,37105
덴마크,2004,40054,39084
덴마크,2005,34028,32930
덴마크,2006,31084,29724
덴마크,2007,34324,32534
덴마크,2008,42317,40466
덴마크,2009,76653,74291
덴마크,2010,76520,73503
덴마크,2011,85047,81679
덴마크,2012,89698,86138
덴마크,2013,88667,86099
덴마크,2014,75376,72812
덴마크,2015,65187,62917
덴마크,2016,64245,61764
덴마크,2017,75244,72470
덴마크,2018,70936,68200
덴마크,2019,66818,63577
덴마크,2020,72816,68777
에스토니아,1995,583,580
에스토니아,1996,640,637
에스토니아,1997,760,758
에스토니아,1998,813,811
에스토니아,1999,856,853
에스토니아,2000,923,921
에스토니아,2001,823,820
에스토니아,2002,1003,1000
에스토니아,2003,1377,1373
에스토니아,2004,1792,1788
에스토니아,2005,1947,1943
에스토니아,2006,2786,2781
에스토니아,2007,3270,3263
에스토니아,2008,3972,3965
에스토니아,2009,3981,3972
에스토니아,2010,2568,2556
에스토니아,2011,207,195
에스토니아,2012,301,287
에스토니아,2013,314,305
에스토니아,2014,437,427
에스토니아,2015,415,406
에스토니아,2016,352,343
에스토니아,2017,345,335
에스토니아,2018,755,745
에스토니아,2019,1426,1414
에스토니아,2020,1997,1982
핀란드,1995,10438,10038
핀란드,1996,7291,6916
핀란드,1997,8738,8417
핀란드,1998,10122,9694
핀란드,1999,8677,8220
핀란드,2000,8410,7977
핀란드,2001,8419,7983
핀란드,2002,9825,9285
핀란드,2003,11173,10515
핀란드,2004,12914,12222
핀란드,2005,11332,10521
핀란드,2006,7499,6494
핀란드,2007,8385,7063
핀란드,2008,8346,6979
핀란드,2009,11455,9711
핀란드,2010,9555,7327
핀란드,2011,10345,7857
핀란드,2012,11082,8453
핀란드,2013,11268,9369
핀란드,2014,10669,8774
핀란드,2015,10016,8341
핀란드,2016,10484,8655
핀란드,2017,10508,8458
핀란드,2018,10312,8284
핀란드,2019,11424,9020
핀란드,2020,13485,10492
프랑스,1995,58512,26853
프랑스,1996,57164,26796
프랑스,1997,55929,30927
프랑스,1998,74183,44312
프랑스,1999,67927,39701
프랑스,2000,63728,37039
프랑스,2001,58637,31749
프랑스,2002,61697,28365
프랑스,2003,70762,30186
프랑스,2004,77353,35314
프랑스,2005,74360,27753
프랑스,2006,98239,42652
프랑스,2007,115717,45710
프랑스,2008,102926,33617
프랑스,2009,133078,46633
프랑스,2010,166224,55800
프랑스,2011,171896,48611
프랑스,2012,184522,54231
프랑스,2013,144926,50849
프랑스,2014,143449,49547
프랑스,2015,138164,55193
프랑스,2016,146771,56125
프랑스,2017,156401,54781
프랑스,2018,166628,66103
프랑스,2019,188865,69725
프랑스,2020,224503,76114
독일,1995,94554,85005
독일,1996,91982,83178
독일,1997,85225,77587
독일,1998,84251,74024
독일,1999,93407,61039
독일,2000,87497,56890
독일,2001,82132,51404
독일,2002,89143,51171
독일,2003,96835,50694
독일,2004,97170,48823
독일,2005,101676,45140
독일,2006,111637,41687
독일,2007,136234,44327
독일,2008,138043,43137
독일,2009,180848,59925
독일,2010,216497,62295
독일,2011,238854,66928
독일,2012,248856,67422
독일,2013,198208,67365
독일,2014,192750,62266
독일,2015,173682,58507
독일,2016,185286,59582
독일,2017,200092,59357
독일,2018,198228,59173
독일,2019,223833,59185
독일,2020,268776,63969
그리스,1995,15652,14780
그리스,1996,18335,17501
그리스,1997,13279,12595
그리스,1998,18144,17458
그리스,1999,18904,18122
그리스,2000,14178,13424
그리스,2001,6244,5154
그리스,2002,9432,8083
그리스,2003,5801,4361
그리스,2004,2708,1191
그리스,2005,2287,506
그리스,2006,2850,566
그리스,2007,3658,631
그리스,2008,3472,344
그리스,2009,5546,1555
그리스,2010,6369,1309
그리스,2011,6900,1249
그리스,2012,7255,1270
그리스,2013,5752,1420
그리스,2014,6212,1877
그리스,2015,6026,2189
그리스,2016,6893,2695
그리스,2017,7807,3096
그리스,2018,7585,2918
그리스,2019,8501,2950
그리스,2020,11944,5006
헝가리,1995,12017,11974
헝가리,1996,9757,9720
헝가리,1997,8437,8408
헝가리,1998,9348,9319
헝가리,1999,10983,10954
헝가리,2000,11218,11190
헝가리,2001,10755,10727
헝가리,2002,10383,10348
헝가리,2003,12793,12751
헝가리,2004,15965,15922
헝가리,2005,18603,18552
헝가리,2006,21590,21527
헝가리,2007,24052,23970
헝가리,2008,33874,33788
헝가리,2009,44183,44074
헝가리,2010,44988,44849
헝가리,2011,48835,48681
헝가리,2012,44670,44506
헝가리,2013,46508,46389
헝가리,2014,42019,41901
헝가리,2015,33124,33019
헝가리,2016,25824,25824
헝가리,2017,28002,27874
헝가리,2018,31361,30068
헝가리,2019,31831,30288
헝가리,2020,41353,39434
아이슬란드,1995,311,308
아이슬란드,1996,456,454
아이슬란드,1997,386,384
아이슬란드,1998,429,426
아이슬란드,1999,495,478
아이슬란드,2000,405,389
아이슬란드,2001,355,338
아이슬란드,2002,462,440
아이슬란드,2003,819,792
아이슬란드,2004,1074,1046
아이슬란드,2005,1069,1036
아이슬란드,2006,2342,2301
아이슬란드,2007,2632,2579
아이슬란드,2008,3570,3515
아이슬란드,2009,3883,3813
아이슬란드,2010,5790,5699
아이슬란드,2011,8550,8450
아이슬란드,2012,4192,4085
아이슬란드,2013,4237,4161
아이슬란드,2014,4176,4100
아이슬란드,2015,5041,4973
아이슬란드,2016,7226,7153
아이슬란드,2017,6567,6483
아이슬란드,2018,6322,6239
아이슬란드,2019,6782,6685
아이슬란드,2020,6419,6299
아일랜드,1995,8767,8630
아일랜드,1996,8348,8205
아일랜드,1997,6642,6526
아일랜드,1998,9530,9397
아일랜드,1999,5376,5325
아일랜드,2000,5408,5360
아일랜드,2001,5635,5587
아일랜드,2002,5475,5415
아일랜드,2003,4152,4079
아일랜드,2004,2908,2831
아일랜드,2005,869,779
아일랜드,2006,832,720
아일랜드,2007,926,779
아일랜드,2008,1038,871
아일랜드,2009,2154,1941
아일랜드,2010,2115,1843
아일랜드,2011,1703,1399
아일랜드,2012,1708,1386
아일랜드,2013,1635,1403
아일랜드,2014,1748,1517
아일랜드,2015,2203,1999
아일랜드,2016,3592,3368
아일랜드,2017,4413,4162
아일랜드,2018,5223,4975
아일랜드,2019,5732,5439
아일랜드,2020,7464,7098
이탈리아,1995,60475,34905
이탈리아,1996,71317,45948
이탈리아,1997,77545,55739
이탈리아,1998,54599,29888
이탈리아,1999,45302,22422
이탈리아,2000,47201,25567
이탈리아,2001,46216,24419
이탈리아,2002,55622,28603
이탈리아,2003,63264,30372
이탈리아,2004,62386,27859
이탈리아,2005,65954,25515
이탈리아,2006,75773,25662
이탈리아,2007,94325,28385
이탈리아,2008,105275,37088
이탈리아,2009,132798,45770
이탈리아,2010,158853,47684
이탈리아,2011,173301,49185
이탈리아,2012,181670,50499
이탈리아,2013,145488,50775
이탈리아,2014,142224,47689
이탈리아,2015,130557,47034
이탈리아,2016,136044,44803
이탈리아,2017,151199,48919
이탈리아,2018,152508,51331
이탈리아,2019,175256,55341
이탈리아,2020,210955,61614
라트비아,1995,580,506
라트비아,1996,729,654
라트비아,1997,833,760
라트비아,1998,873,801
라트비아,1999,944,872
라트비아,2000,919,851
라트비아,2001,1218,1149
라트비아,2002,1327,1241
라트비아,2003,1535,1432
라트비아,2004,2022,1912
라트비아,2005,2361,2232
라트비아,2006,4509,4353
라트비아,2007,5758,5553
라트비아,2008,5248,5028
라트비아,2009,6907,6632
라트비아,2010,7606,7256
라트비아,2011,6383,5997
라트비아,2012,7523,7111
라트비아,2013,7893,7596
라트비아,2014,3227,2971
라트비아,2015,3446,3220
라트비아,2016,3514,3268
라트비아,2017,4614,4337
라트비아,2018,4371,4098
라트비아,2019,4479,4155
라트비아,2020,5290,4885
리투아니아,1995,819,757
리투아니아,1996,834,772
리투아니아,1997,1063,1010
리투아니아,1998,1460,1409
리투아니아,1999,1242,1195
리투아니아,2000,1359,1312
리투아니아,2001,1669,1618
리투아니아,2002,2413,2349
리투아니아,2003,3450,3372
리투아니아,2004,3594,3513
리투아니아,2005,3816,3720
리투아니아,2006,5773,5654
리투아니아,2007,7712,7557
리투아니아,2008,6442,6280
리투아니아,2009,6626,6420
리투아니아,2010,6599,6336
리투아니아,2011,8210,7915
리투아니아,2012,8529,8218
리투아니아,2013,8072,7847
리투아니아,2014,8728,8504
리투아니아,2015,1697,1499
리투아니아,2016,2602,2386
리투아니아,2017,4450,4207
리투아니아,2018,5771,5531
리투아니아,2019,5085,4800
리투아니아,2020,4847,4493
룩셈부르크,1995,93,75
룩셈부르크,1996,90,74
룩셈부르크,1997,79,64
룩셈부르크,1999,99,77
룩셈부르크,2000,98,77
룩셈부르크,2001,127,106
룩셈부르크,2002,178,152
룩셈부르크,2003,311,280
룩셈부르크,2004,331,298
룩셈부르크,2005,279,241
룩셈부르크,2006,265,218
룩셈부르크,2007,206,144
룩셈부르크,2008,398,335
룩셈부르크,2009,810,731
룩셈부르크,2010,849,747
룩셈부르크,2011,1014,901
룩셈부르크,2012,991,871
룩셈부르크,2013,963,876
룩셈부르크,2014,863,777
룩셈부르크,2015,771,694
룩셈부르크,2016,974,891
룩셈부르크,2017,878,785
룩셈부르크,2018,939,847
룩셈부르크,2019,1055,945
룩셈부르크,2020,1189,1050
네덜란드,1995,42882,33714
네덜란드,1996,35389,26767
네덜란드,1997,30666,24865
네덜란드,1998,28717,21418
네덜란드,1999,19050,9886
네덜란드,2000,17688,9643
네덜란드,2001,16897,9034
네덜란드,2002,18948,9563
네덜란드,2003,21597,11167
네덜란드,2004,21603,10655
네덜란드,2005,20448,8986
네덜란드,2006,23902,10802
네덜란드,2007,26983,10270
네덜란드,2008,28509,11476
네덜란드,2009,39609,17871
네덜란드,2010,46240,18471
네덜란드,2011,51268,20264
네덜란드,2012,54816,22050
네덜란드,2013,46250,22591
네덜란드,2014,42921,19307
네덜란드,2015,38205,17341
네덜란드,2016,36133,13342
네덜란드,2017,38442,12893
네덜란드,2018,38468,13195
네덜란드,2019,43285,13331
네덜란드,2020,54038,16734
노르웨이,1995,22563,22518
노르웨이,1996,26561,26517
노르웨이,1997,23439,23400
노르웨이,1998,19086,19048
노르웨이,1999,23843,23807
노르웨이,2000,27854,27597
노르웨이,2001,23538,23278
노르웨이,2002,32403,32000
노르웨이,2003,37711,37220
노르웨이,2004,44308,44308
노르웨이,2005,46986,46986
노르웨이,2006,56842,56842
노르웨이,2007,60840,60840
노르웨이,2008,50950,50950
노르웨이,2009,48859,48859
노르웨이,2010,53215,53215
노르웨이,2011,49397,49397
노르웨이,2012,51856,51856
노르웨이,2013,58283,58283
노르웨이,2014,64801,64801
노르웨이,2015,57456,57456
노르웨이,2016,60445,60445
노르웨이,2017,65924,65924
노르웨이,2018,63145,63145
노르웨이,2019,66946,66946
노르웨이,2020,75259,75259
폴란드,1995,14963,14774
폴란드,1996,18033,17844
폴란드,1997,20670,20407
폴란드,1998,28275,27325
폴란드,1999,27314,26355
폴란드,2000,27464,26562
폴란드,2001,26563,25648
폴란드,2002,29784,28650
폴란드,2003,33960,32579
폴란드,2004,36773,35324
폴란드,2005,42561,40864
폴란드,2006,48474,46371
폴란드,2007,65734,62967
폴란드,2008,62168,59306
폴란드,2009,79576,75923
폴란드,2010,93488,88822
폴란드,2011,97856,92646
폴란드,2012,108902,103396
폴란드,2013,106212,102236
폴란드,2014,100430,96462
폴란드,2015,94910,91395
폴란드,2016,114372,110535
폴란드,2017,113267,108975
폴란드,2018,116957,111656
폴란드,2019,128392,117196
폴란드,2020,154219,140316
포르투갈,1995,21039,15850
포르투갈,1996,20911,15918
포르투갈,1997,18925,15660
포르투갈,1998,19214,15825
포르투갈,1999,14088,8427
포르투갈,2000,14262,8909
포르투갈,2001,15060,9667
포르투갈,2002,17701,11179
포르투갈,2003,12813,5876
포르투갈,2004,11684,5174
포르투갈,2005,10364,3479
포르투갈,2006,9883,2064
포르투갈,2007,11546,1258
포르투갈,2008,11948,1309
포르투갈,2009,15985,2408
포르투갈,2010,20995,3652
포르투갈,2011,21336,1975
포르투갈,2012,22658,2196
포르투갈,2013,17552,2778
포르투갈,2014,19618,4869
포르투갈,2015,19397,6367
포르투갈,2016,25132,10899
포르투갈,2017,26109,10153
포르투갈,2018,24943,9159
포르투갈,2019,24981,6271
포르투갈,2020,29502,6199
슬로바키아,1995,3449,3364
슬로바키아,1996,3498,3419
슬로바키아,1997,3303,3230
슬로바키아,1998,2937,2869
슬로바키아,1999,3430,3371
슬로바키아,2000,4075,4022
슬로바키아,2001,4186,4141
슬로바키아,2002,9195,8809
슬로바키아,2003,12149,11678
슬로바키아,2004,14912,14417
슬로바키아,2005,15480,14901
슬로바키아,2006,13364,12647
슬로바키아,2007,18976,18032
슬로바키아,2008,18831,17854
슬로바키아,2009,1821,692
슬로바키아,2010,2161,719
슬로바키아,2011,2462,853
슬로바키아,2012,2519,818
슬로바키아,2013,2150,922
슬로바키아,2014,2614,1392
슬로바키아,2015,2892,1812
슬로바키아,2016,2892,1712
슬로바키아,2017,3622,2300
슬로바키아,2018,5231,3923
슬로바키아,2019,7167,5617
슬로바키아,2020,9347,7417
슬로베니아,1995,1821,1821
슬로베니아,1996,2297,2297
슬로베니아,1997,3315,3315
슬로베니아,1998,3639,3639
슬로베니아,1999,3168,3168
슬로베니아,2000,3196,3196
슬로베니아,2001,4397,4330
슬로베니아,2002,7063,6980
슬로베니아,2003,8598,8497
슬로베니아,2004,8899,8793
슬로베니아,2005,8160,8076
슬로베니아,2006,7139,7036
슬로베니아,2007,1066,980
슬로베니아,2008,957,868
슬로베니아,2009,1080,966
슬로베니아,2010,1071,927
슬로베니아,2011,991,831
슬로베니아,2012,952,782
슬로베니아,2013,922,799
슬로베니아,2014,1016,893
슬로베니아,2015,856,748
슬로베니아,2016,743,625
슬로베니아,2017,890,758
슬로베니아,2018,933,802
슬로베니아,2019,1015,860
슬로베니아,2020,1311,1118
스페인,1995,38706,34485
스페인,1996,62148,57927
스페인,1997,72537,68398
스페인,1998,60875,55258
스페인,1999,38000,33115
스페인,2000,35608,30989
스페인,2001,34236,29582
스페인,2002,40303,34536
스페인,2003,26809,19788
스페인,2004,19759,12389
스페인,2005,17227,9678
스페인,2006,19340,10822
스페인,2007,19054,11480
스페인,2008,20245,12414
스페인,2009,28201,18205
스페인,2010,31915,19146
스페인,2011,47099,32843
스페인,2012,50588,35523
스페인,2013,46308,35430
스페인,2014,50351,39494
스페인,2015,53970,44378
스페인,2016,63144,52666
스페인,2017,69409,57663
스페인,2018,70650,59030
스페인,2019,74715,60944
스페인,2020,81318,64168
스웨덴,1995,24296,24051
스웨덴,1996,19344,19107
스웨덴,1997,11048,10825
스웨덴,1998,14331,14098
스웨덴,1999,15305,15019
스웨덴,2000,15134,14863
스웨덴,2001,14239,13977
스웨덴,2002,17411,17127
스웨덴,2003,19991,19681
스웨덴,2004,24775,22158
스웨덴,2005,24890,22090
스웨덴,2006,28023,24778
스웨덴,2007,31037,27044
스웨덴,2008,29717,25896
스웨덴,2009,47291,42860
스웨덴,2010,48300,42565
스웨덴,2011,50349,44025
스웨덴,2012,52234,45519
스웨덴,2013,65383,60495
스웨덴,2014,62499,57704
스웨덴,2015,58107,53814
스웨덴,2016,59386,54730
스웨덴,2017,62216,56951
스웨덴,2018,60567,55386
스웨덴,2019,55490,49354
스웨덴,2020,58279,50617
스위스,1995,46760,36413
스위스,1996,47274,38433
스위스,1997,47210,39028
스위스,1998,49858,41191
스위스,1999,43785,36321
스위스,2000,53491,32272
스위스,2001,51670,32006
스위스,2002,61311,40155
스위스,2003,69585,47652
스위스,2004,74619,55497
스위스,2005,57640,36297
스위스,2006,64497,38094
스위스,2007,75372,44474
스위스,2008,74074,45061
스위스,2009,135255,98199
스위스,2010,270296,223481
스위스,2011,331872,279390
스위스,2012,531050,475659
스위스,2013,535851,495958
스위스,2014,545529,505463
스위스,2015,602709,566960
스위스,2016,679359,640594
스위스,2017,811196,767680
스위스,2018,786971,744167
스위스,2019,854804,804004
스위스,2020,1083481,1020172
영국,1995,47258,42016
영국,1996,45373,39896
영국,1997,37126,32317
영국,1998,37290,32212
영국,1999,46188,40224
영국,2000,50911,46638
영국,2001,47417,44259
영국,2002,54959,51500
영국,2003,56350,52148
영국,2004,62138,57741
영국,2005,59135,54009
영국,2006,63824,57483
영국,2007,77743,69399
영국,2008,64738,56110
영국,2009,79618,68606
영국,2010,98073,84006
영국,2011,109734,94462
영국,2012,117093,100559
영국,2013,118750,106735
영국,2014,124488,112458
영국,2015,148129,137535
영국,2016,135044,123500
영국,2017,150803,137924
영국,2018,172681,159872
영국,2019,173568,158376
영국,2020,180129,161188
유로지역,1999,373681,256780
유로지역,2000,351980,242327
유로지역,2001,346050,234931
유로지역,2002,383933,247168
유로지역,2003,387351,223145
유로지역,2004,382790,211971
유로지역,2005,377530,184714
유로지역,2006,429171,197006
유로지역,2007,511156,215296
유로지역,2008,520781,218717
유로지역,2009,666063,282777
유로지역,2010,789546,300243
유로지역,2011,862814,316705
유로지역,2012,909438,332541
유로지역,2013,747360,330961
유로지역,2014,743401,327597
유로지역,2015,701396,333872
유로지역,2016,745796,344413
유로지역,2017,803032,353249
유로지역,2018,823167,378391
유로지역,2019,913603,386571
유로지역,2020,1079105,422968
오세아니아,1995,,
오세아니아,1996,,
오세아니아,1997,,
오세아니아,1998,,
오세아니아,1999,,
오세아니아,2000,,
오세아니아,2001,,
오세아니아,2002,,
오세아니아,2003,,
오세아니아,2004,,
오세아니아,2005,,
오세아니아,2006,,
오세아니아,2007,,
오세아니아,2008,,
오세아니아,2009,,
오세아니아,2010,,
오세아니아,2011,,
오세아니아,2012,,
오세아니아,2013,,
오세아니아,2014,,
오세아니아,2015,,
오세아니아,2016,,
오세아니아,2017,,
오세아니아,2018,,
오세아니아,2019,,
오세아니아,2020,,
오스트레일리아,1995,14951,11896
오스트레일리아,1996,17402,14485
오스트레일리아,1997,17586,16845
오스트레일리아,1998,15377,14640
오스트레일리아,1999,21956,21212
오스트레일리아,2000,18817,18118
오스트레일리아,2001,18664,17955
오스트레일리아,2002,21567,20689
오스트레일리아,2003,33258,32189
오스트레일리아,2004,36926,35803
오스트레일리아,2005,43257,41941
오스트레일리아,2006,55079,53448
오스트레일리아,2007,26908,24768
오스트레일리아,2008,32924,30691
오스트레일리아,2009,41742,38950
오스트레일리아,2010,42268,38659
오스트레일리아,2011,46826,42783
오스트레일리아,2012,49147,44866
오스트레일리아,2013,52801,49745
오스트레일리아,2014,53893,50814
오스트레일리아,2015,45718,43059
오스트레일리아,2016,53586,50872
오스트레일리아,2017,66584,63561
오스트레일리아,2018,53875,51048
오스트레일리아,2019,58742,56364
오스트레일리아,2020,43006,39620
뉴질랜드,1995,4410,4410
뉴질랜드,1996,5953,5953
뉴질랜드,1997,4451,4451
뉴질랜드,1998,4204,4204
뉴질랜드,1999,4455,4455
뉴질랜드,2000,3952,3952
뉴질랜드,2001,3565,3565
뉴질랜드,2002,4963,4963
뉴질랜드,2003,6085,6085
뉴질랜드,2004,6947,6947
뉴질랜드,2005,8893,8893
뉴질랜드,2006,14068,14068
뉴질랜드,2007,17247,17247
뉴질랜드,2008,11052,11052
뉴질랜드,2009,15594,15594
뉴질랜드,2010,16723,16723
뉴질랜드,2011,17012,17012
뉴질랜드,2012,17583,17583
뉴질랜드,2013,16318,16318
뉴질랜드,2014,15861,15861
뉴질랜드,2015,14700,14700
뉴질랜드,2016,17808,17808
뉴질랜드,2017,20684,20684
뉴질랜드,2018,17657,17657
뉴질랜드,2019,17814,17814
뉴질랜드,2020,13733,13733
