국가별,시점,인당GDP,인플레이션,실업률,정부수지,부채,당좌 계정,정치적안정성,규제의질
과테말라,2005,"2,151.74",73.178,,-1.391,20.017,-1.241,22,38
과테말라,2006,"2,336.96",77.98,,-1.812,20.86,-1.524,25,46
과테말라,2007,"2,556.76",83.3,,-1.832,20.779,-1.786,22,48
과테말라,2008,"2,873.09",92.758,,-2.039,19.57,-1.554,22,50
과테말라,2009,"2,654.10",94.483,,-3.199,22.78,0.072,19,48
과테말라,2010,"2,836.06",98.131,,-3.09,24.006,-0.767,21,48
과테말라,2011,"3,172.12",104.23,,-2.373,23.779,-1.58,23,49
과테말라,2012,"3,267.79",108.173,,-2.49,24.577,-1.847,25,47
과테말라,2013,"3,397.63",112.871,,-2.231,24.997,-2.239,24,46
과테말라,2014,"3,632.10",116.729,,-2.038,24.651,-1.909,24,47
과테말라,2015,"3,825.88",119.518,,-1.616,24.803,-0.774,23,47
과테말라,2016,"3,982.02",124.834,,-1.179,24.956,0.637,25,47
과테말라,2017,"4,233.01",130.358,,-1.422,25.093,0.804,23,42
과테말라,2018,"4,240.55",135.248,,-1.921,26.473,0.622,28,47
과테말라,2019,"4,371.27",140.253,,-2.354,26.484,1.791,25,44
과테말라,2020,"4,317.45",144.761,,-4.264,31.525,4.249,31,45
그리스,2005,"22,417.64",100,10,-6.088,108.306,-18.22,64,77
그리스,2006,"24,648.87",103.314,9,-7.26,104.455,-29.71,65,76
그리스,2007,"28,656.23",106.402,8.4,-8.793,103.98,-44.399,62,78
그리스,2008,"31,902.01",110.903,7.75,-19.155,110.347,-51.535,54,76
그리스,2009,"29,577.64",112.397,9.6,-15.224,127.823,-35.972,38,75
그리스,2010,"26,743.40",117.684,12.725,-8.906,147.494,-29.861,41,72
그리스,2011,"25,437.01",121.354,17.85,-3.856,183.869,-28.716,42,68
그리스,2012,"21,845.05",122.609,24.425,2.608,161.978,-5.983,39,69
그리스,2013,"21,712.02",121.562,27.475,5.094,178.707,-6.119,40,73
그리스,2014,"21,554.22",119.868,26.5,3.145,181.656,-5.566,40,64
그리스,2015,"18,023.87",118.557,24.9,3.008,178.721,-2.942,39,67
그리스,2016,"17,906.08",118.573,23.55,5.505,183.143,-4.583,41,59
그리스,2017,"18,552.18",119.922,21.45,4.732,182.68,-5.143,42,63
그리스,2018,"19,750.74",120.851,19.3,3.685,190.147,-7.584,53,66
그리스,2019,"19,130.44",121.476,17.325,2.619,185.082,-4.584,54,71
그리스,2020,"17,603.44",119.943,16.4,-3.999,211.897,-13.84,51,72
네덜란드,2005,"42,054.88",85.569,6.961,0.217,48.475,7.047,79,99
네덜란드,2006,"44,936.01",86.983,6.079,-0.254,44.069,9.085,76,97
네덜란드,2007,"51,880.38",88.363,5.295,-1.773,41.973,6.886,73,98
네덜란드,2008,"58,015.40",90.319,4.77,-2.024,53.79,4.966,76,97
네덜란드,2009,"52,807.45",91.197,5.422,-4.387,55.832,5.415,82,97
네덜란드,2010,"51,165.82",92.044,6.082,-4.837,59.4,6.934,82,97
네덜란드,2011,"54,342.11",94.318,6.05,-4.412,61.831,8.535,90,97
네덜란드,2012,"50,175.56",96.978,6.823,-2.817,66.429,10.194,91,96
네덜란드,2013,"52,276.99",99.456,8.204,-1.158,67.834,9.751,91,96
네덜란드,2014,"53,026.48",99.773,8.338,-0.632,68.013,8.172,86,96
네덜란드,2015,"45,302.80",99.993,7.887,-0.895,64.632,6.303,80,97
네덜란드,2016,"46,165.18",100.104,7.005,0.766,61.887,8.067,78,99
네덜란드,2017,"48,799.87",101.396,5.873,1.349,56.94,10.827,80,99
네덜란드,2018,"53,224.69",103.021,4.881,0.874,52.426,10.842,76,99
네덜란드,2019,"52,672.50",105.772,4.436,1.683,47.561,9.371,76,98
네덜란드,2020,"52,456.09",106.955,4.851,-3.334,52.755,6.978,74,97
노르웨이,2005,,,,,,,94,91
노르웨이,2006,,,,,,,94,86
노르웨이,2007,,,,,,,92,87
노르웨이,2008,,,,,,,96,89
노르웨이,2009,,,,,,,93,93
노르웨이,2010,,,,,,,95,93
노르웨이,2011,,,,,,,97,94
노르웨이,2012,,,,,,,95,93
노르웨이,2013,,,,,,,96,95
노르웨이,2014,,,,,,,90,93
노르웨이,2015,,,,,,,91,92
노르웨이,2016,,,,,,,93,93
노르웨이,2017,,,,,,,90,96
노르웨이,2018,,,,,,,91,97
노르웨이,2019,,,,,,,92,97
노르웨이,2020,,,,,,,94,96
뉴질랜드,2005,,,,,,,92,97
뉴질랜드,2006,,,,,,,94,98
뉴질랜드,2007,,,,,,,95,97
뉴질랜드,2008,,,,,,,92,98
뉴질랜드,2009,,,,,,,87,100
뉴질랜드,2010,,,,,,,91,99
뉴질랜드,2011,,,,,,,98,100
뉴질랜드,2012,,,,,,,97,99
뉴질랜드,2013,,,,,,,99,98
뉴질랜드,2014,,,,,,,100,99
뉴질랜드,2015,,,,,,,99,99
뉴질랜드,2016,,,,,,,100,99
뉴질랜드,2017,,,,,,,99,99
뉴질랜드,2018,,,,,,,99,99
뉴질랜드,2019,,,,,,,97,99
뉴질랜드,2020,,,,,,,98,100
니카라과,2005,"1,152.80",87.508,5.559,,66.608,-0.784,36,38
니카라과,2006,"1,224.72",95.506,5.193,,51.156,-0.885,37,37
니카라과,2007,"1,326.66",106.133,5.935,,30.916,-1.207,40,35
니카라과,2008,"1,498.88",127.175,6.062,,25.999,-1.45,38,38
니카라과,2009,"1,444.94",131.864,8.158,,29.258,-0.702,34,37
니카라과,2010,"1,506.07",139.057,7.829,,30.347,-0.777,28,42
니카라과,2011,"1,629.97",150.296,5.93,,28.794,-1.164,38,42
니카라과,2012,"1,734.79",161.108,5.912,,27.852,-1.235,37,43
니카라과,2013,"1,790.43",172.604,5.746,,28.835,-1.38,38,44
니카라과,2014,"1,916.77",183.022,6.557,,28.69,-0.954,43,38
니카라과,2015,"2,036.93",190.338,5.909,,28.911,-1.26,43,39
니카라과,2016,"2,099.59",197.045,4.481,,30.916,-1.127,44,32
니카라과,2017,"2,156.15",204.632,3.67,,34.08,-0.987,44,27
니카라과,2018,"2,016.16",214.756,5.5,,37.686,-0.234,15,25
니카라과,2019,"1,934.14",226.302,6.118,,41.69,0.754,14,25
니카라과,2020,"1,942.64",234.634,7.293,,47.919,0.739,23,27
대한민국,2005,,,,,,,63,72
대한민국,2006,,,,,,,59,73
대한민국,2007,,,,,,,65,78
대한민국,2008,,,,,,,58,74
대한민국,2009,,,,,,,61,75
대한민국,2010,,,,,,,55,79
대한민국,2011,,,,,,,61,80
대한민국,2012,,,,,,,55,77
대한민국,2013,,,,,,,57,80
대한민국,2014,,,,,,,50,83
대한민국,2015,,,,,,,54,83
대한민국,2016,,,,,,,52,84
대한민국,2017,,,,,,,60,82
대한민국,2018,,,,,,,66,83
대한민국,2019,,,,,,,64,82
대한민국,2020,,,,,,,63,81
덴마크,2005,,,,,,,85,98
덴마크,2006,,,,,,,85,99
덴마크,2007,,,,,,,91,100
덴마크,2008,,,,,,,86,99
덴마크,2009,,,,,,,85,100
덴마크,2010,,,,,,,86,100
덴마크,2011,,,,,,,87,100
덴마크,2012,,,,,,,76,98
덴마크,2013,,,,,,,80,98
덴마크,2014,,,,,,,79,94
덴마크,2015,,,,,,,77,95
덴마크,2016,,,,,,,75,92
덴마크,2017,,,,,,,76,92
덴마크,2018,,,,,,,82,94
덴마크,2019,,,,,,,83,92
덴마크,2020,,,,,,,82,98
도미니카 공화국,2005,"4,008.36",52.577,8.237,-0.403,38.322,-0.473,38,42
도미니카 공화국,2006,"4,188.72",56.559,7.075,-1.348,36.022,-1.287,42,47
도미니카 공화국,2007,"4,803.47",60.034,6.452,-0.386,32.907,-2.166,40,48
도미니카 공화국,2008,"5,194.80",66.424,5.959,-4.067,33.607,-4.52,43,49
도미니카 공화국,2009,"5,151.17",67.382,6.835,-2.419,36.734,-2.303,45,47
도미니카 공화국,2010,"5,688.75",71.647,6.52,-3.147,37.311,-4.024,45,49
도미니카 공화국,2011,"6,063.35",77.708,7.613,-3.035,39.053,-4.359,47,46
도미니카 공화국,2012,"6,274.87",80.579,8.407,-6.099,42.32,-3.971,55,49
도미니카 공화국,2013,"6,413.93",84.472,9.196,-3.061,46.715,-2.568,55,51
도미니카 공화국,2014,"6,805.66",87.005,8.538,-1.465,44.911,-2.17,51,52
도미니카 공화국,2015,"7,139.51",87.733,7.328,2.274,44.941,-1.28,55,53
도미니카 공화국,2016,"7,521.27",89.149,7.08,-0.066,46.591,-0.815,55,53
도미니카 공화국,2017,"7,874.94",92.073,5.509,0.063,48.906,-0.133,53,52
도미니카 공화국,2018,"8,340.96",95.355,5.656,0.315,50.465,-1.322,48,53
도미니카 공화국,2019,"8,595.61",97.081,6.167,0.83,53.579,-1.188,47,52
도미니카 공화국,2020,"7,553.51",100.752,5.829,-3.219,71.533,-1.541,52,51
독일,2005,"35,020.20",85.458,11.008,-2.378,67.546,4.673,76,92
독일,2006,"36,894.47",86.975,10.042,-1.944,66.887,5.772,82,94
독일,2007,"42,299.86",88.95,8.542,-0.925,64.158,6.861,81,95
독일,2008,"46,367.86",91.4,7.425,-1.023,65.682,5.692,80,92
독일,2009,"42,338.84",91.625,7.642,-1.057,73.157,5.836,77,94
독일,2010,"42,379.71",92.65,6.967,-2.662,81.995,5.744,73,94
독일,2011,"46,697.38",94.95,5.833,-1.404,79.417,6.213,72,93
독일,2012,"43,883.39",97,5.383,0.002,80.745,7.129,71,92
독일,2013,"46,299.37",98.558,5.242,0.608,78.323,6.557,76,92
독일,2014,"48,035.80",99.317,4.992,1.162,75.278,7.204,78,94
독일,2015,"41,107.22",99.992,4.633,1.201,71.975,8.601,69,94
독일,2016,"42,124.45",100.358,4.133,1.229,68.99,8.508,70,96
독일,2017,"44,636.70",102.067,3.758,1.141,64.658,7.83,66,95
독일,2018,"47,995.38",104.042,3.4,1.575,61.271,7.95,65,95
독일,2019,"46,800.18",105.45,3.15,1.25,58.925,7.569,66,96
독일,2020,"46,215.60",105.842,3.833,-3.106,68.724,7.089,69,93
라트비아,2005,"7,569.83",67.404,10.042,-0.865,11.468,-11.784,71,76
라트비아,2006,"9,690.46",71.833,7.033,-2.246,9.58,-20.767,73,79
라트비아,2007,"14,079.58",79.075,6.075,-2.839,8.081,-20.662,64,81
라트비아,2008,"16,435.21",91.137,7.75,-4.49,17.908,-12.26,52,81
라트비아,2009,"12,243.07",94.107,17.55,-5.607,35.619,7.658,55,79
라트비아,2010,"11,316.94",92.955,19.475,-5.092,46.518,1.697,64,80
라트비아,2011,"13,371.01",96.88,16.208,-1.848,44.504,-3.405,58,79
라트비아,2012,"13,786.59",99.094,15.048,-0.396,42.726,-3.726,61,80
라트비아,2013,"14,927.22",99.105,11.868,-0.874,40.35,-2.791,65,81
라트비아,2014,"15,685.98",99.789,10.847,-0.636,41.605,-1.621,62,86
라트비아,2015,"13,728.37",100.002,9.875,-1.028,37.055,-0.59,60,81
라트비아,2016,"14,259.25",100.101,9.642,0.216,40.38,1.584,62,84
라트비아,2017,"15,626.28",102.998,8.715,-1.141,38.981,1.253,63,83
라트비아,2018,"17,806.56",105.628,7.415,-1.53,37.099,-0.206,59,84
라트비아,2019,"17,871.43",108.53,6.311,-1.503,36.697,-0.662,60,84
라트비아,2020,"17,622.78",108.618,8.099,-3.525,43.283,2.869,60,85
러시아,2005,"5,708.84",40.553,7.15,7.763,14.851,84.389,12,51
러시아,2006,"7,426.01",44.473,7.05,7.671,9.804,92.316,19,40
러시아,2007,"9,761.37",48.479,6.025,4.738,8.033,72.193,19,43
러시아,2008,"12,464.24",55.32,6.233,3.474,7.446,103.935,20,40
러시아,2009,"9,156.97",61.763,8.242,-4.418,9.918,50.384,17,41
러시아,2010,"11,431.15",65.994,7.358,-2.432,10.105,67.452,18,41
러시아,2011,"14,306.43",71.564,6.508,1.486,10.34,97.274,17,40
러시아,2012,"15,287.97",75.196,5.45,0.073,11.167,71.282,21,40
러시아,2013,"15,928.70",80.274,5.5,-1.56,12.348,33.428,22,40
러시아,2014,"14,007.51",86.554,5.158,-0.134,15.136,57.513,15,38
러시아,2015,"9,257.94",100,5.575,-3.077,15.286,67.777,14,32
러시아,2016,"8,723.52",107.042,5.525,-3.209,14.849,24.469,15,37
러시아,2017,"10,724.00",110.985,5.2,-1.002,14.311,32.179,24,33
러시아,2018,"11,261.72",114.18,4.8,2.944,13.62,115.68,27,33
러시아,2019,"11,555.27",119.284,4.6,1.987,13.748,65.542,26,36
러시아,2020,"10,148.24",123.318,5.783,-4.376,19.217,36.03,21,36
레바논,2005,"4,575.07",66.901,,-15.543,178.926,-2.424,18,50
레바논,2006,"4,626.82",69.639,,-19.917,183.291,-1.943,6,48
레바논,2007,"5,207.76",72.465,,-18.605,169.301,-2.403,3,47
레바논,2008,"6,111.36",80.217,,-16.366,161.487,-5.023,5,47
레바논,2009,"7,354.97",81.192,,-14.681,144.499,-7.947,9,52
레바논,2010,"7,761.62",84.408,,-11.945,136.829,-7.955,7,54
레바논,2011,"7,675.29",88.617,,-11.524,134.386,-6.551,6,52
레바논,2012,"7,952.12",94.442,,-13.502,130.994,-11.407,6,48
레바논,2013,"7,933.25",99.692,,-13.325,135.319,-13.121,7,49
레바논,2014,"7,687.75",100.817,,-12.114,138.291,-13.883,7,46
레바논,2015,"7,663.88",97.025,,-11.571,140.456,-9.918,7,44
레바논,2016,"7,653.69",96.242,,-13.759,145.723,-12.042,8,41
레바논,2017,"7,819.59",100.558,,-12.563,149.151,-13.99,9,41
레바논,2018,"8,058.46",106.65,,-17.227,154.024,-15.725,7,37
레바논,2019,"7,471.46",109.733,,-16.707,171.113,-14.358,7,37
레바논,2020,"4,002.74",202.875,,-7.667,135.007,-3.876,8,29
루마니아,2005,"4,604.45",74.064,7.14,-0.998,17.767,-8.621,49,59
루마니아,2006,"5,740.40",78.945,7.172,-2.988,12.691,-12.827,50,65
루마니아,2007,"8,262.41",82.762,6.344,-5.945,12.431,-23.708,50,67
루마니아,2008,"10,385.85",89.255,5.517,-9.795,13.004,-24.696,50,68
루마니아,2009,"8,517.60",94.239,6.996,-8.8,22.452,-8.106,57,71
루마니아,2010,"8,194.72",100,7.722,-5.853,30.845,-8.879,54,72
루마니아,2011,"9,075.96",105.795,7.876,-3.033,34.251,-9.323,54,74
루마니아,2012,"8,491.03",109.328,6.794,-1.498,37.965,-8.459,49,69
루마니아,2013,"9,530.44",113.703,7.096,-1.355,39.056,-1.792,54,72
루마니아,2014,"10,021.54",114.926,6.802,-0.085,40.426,-0.529,49,72
루마니아,2015,"8,942.20",114.241,6.812,-0.012,39.388,-1.427,54,72
루마니아,2016,"9,520.44",112.465,5.902,-1.694,38.951,-2.981,56,71
루마니아,2017,"10,776.67",113.977,4.927,-3.498,36.836,-6.571,49,71
루마니아,2018,"12,361.14",119.254,4.187,-3.744,36.468,-11.218,49,68
루마니아,2019,"12,870.80",123.816,3.912,-5.124,36.796,-12.211,65,67
루마니아,2020,"12,908.81",127.092,5.035,-5.12,49.643,-12.528,64,64
룩셈부르크,2005,"81,723.32",80.844,4.083,0.76,7.956,6.938,95,98
룩셈부르크,2006,"91,480.80",83.239,4.233,1.94,8.21,6.642,99,97
룩셈부르크,2007,"108,346.81",85.449,4.183,2.707,8.1,6.549,99,97
룩셈부르크,2008,"121,616.40",88.946,4.142,2.58,14.635,6.129,100,96
룩셈부르크,2009,"110,249.42",88.953,5.483,0.843,15.289,5.785,99,95
룩셈부르크,2010,"112,056.74",91.439,5.817,-0.153,19.095,5.778,99,96
룩셈부르크,2011,"120,516.83",94.849,5.667,0.943,18.508,5.64,96,99
룩셈부르크,2012,"113,963.70",97.587,6.099,0.888,20.856,5.3,96,97
룩셈부르크,2013,"121,414.35",99.244,6.83,0.869,22.435,5.09,95,97
룩셈부르크,2014,"125,204.69",99.934,7.092,1.338,21.879,4.918,98,92
룩셈부르크,2015,"106,718.04",99.995,6.648,1.484,21.143,4.835,98,93
룩셈부르크,2016,"107,938.83",100.038,6.263,1.132,19.614,4.761,98,94
룩셈부르크,2017,"111,211.39",102.153,5.844,1.111,21.822,4.74,95,94
룩셈부르크,2018,"118,466.55",104.212,5.099,2.977,20.845,4.678,96,95
룩셈부르크,2019,"114,357.51",105.933,5.403,1.972,22.292,4.56,95,95
룩셈부르크,2020,"117,063.47",105.938,6.355,-2.319,24.751,4.281,94,99
리투아니아,2005,"7,860.18",71.893,8.324,-1.153,17.645,-7.277,69,78
리투아니아,2006,"9,236.62",74.594,5.778,-3.176,17.261,-10.908,75,78
리투아니아,2007,"12,305.92",78.934,4.248,-7.276,15.889,-15.497,76,83
리투아니아,2008,"15,017.56",87.689,5.827,-9.495,14.581,-13.621,71,83
리투아니아,2009,"11,848.20",91.338,13.787,-6.582,27.99,1.432,69,78
리투아니아,2010,"12,009.03",92.426,17.814,-4.463,36.209,-1.275,71,79
리투아니아,2011,"14,393.27",96.238,15.39,-4.168,37.134,-4.545,69,79
리투아니아,2012,"14,376.00",99.283,13.366,-2.332,39.701,-1.407,73,83
리투아니아,2013,"15,734.38",100.438,11.77,-1.568,38.671,0.834,81,85
리투아니아,2014,"16,577.33",100.682,10.699,-0.865,40.526,3.165,70,86
리투아니아,2015,"14,265.41",100,9.119,-0.326,42.681,-2.811,71,87
리투아니아,2016,"15,004.19",100.678,7.861,0.453,39.896,-0.82,74,85
리투아니아,2017,"16,879.45",104.422,7.073,0.494,39.338,0.593,73,83
리투아니아,2018,"19,194.88",107.065,6.146,0.6,33.663,0.295,70,82
리투아니아,2019,"19,577.94",109.466,6.254,0.481,35.865,3.477,74,83
리투아니아,2020,"20,216.06",110.628,8.488,-6.325,46.58,7.338,75,83
말레이시아,2005,"5,678.75",87.692,3.55,-2.979,40.778,13.764,65,69
말레이시아,2006,"6,354.98",90.867,3.325,-2.797,39.662,15.362,54,67
말레이시아,2007,"7,485.94",92.708,3.225,-2.838,39.348,14.663,49,67
말레이시아,2008,"8,771.03",97.742,3.325,-2.878,39.361,16.295,49,61
말레이시아,2009,"7,550.25",98.325,3.675,-5.272,50.408,14.829,43,62
말레이시아,2010,"9,046.99",100.017,3.3,-4.671,51.212,9.941,51,70
말레이시아,2011,"10,397.92",103.192,3.05,-3.297,51.898,10.741,49,71
말레이시아,2012,"10,806.84",104.908,3.025,-3.347,53.788,5.094,44,70
말레이시아,2013,"10,851.66",107.117,3.1,-3.239,55.656,3.435,47,73
말레이시아,2014,"11,172.40",110.483,2.875,-2.526,55.373,4.327,58,76
말레이시아,2015,"9,663.28",112.808,3.15,-2.717,56.971,2.987,57,74
말레이시아,2016,"9,544.25",115.15,3.45,-2.698,55.787,2.393,50,75
말레이시아,2017,"9,969.50",119.525,3.425,-2.58,54.396,2.791,51,75
말레이시아,2018,"11,086.11",120.683,3.325,-3.577,55.646,2.231,55,75
말레이시아,2019,"11,234.66",121.483,3.275,-1.632,57.067,3.497,54,74
말레이시아,2020,"10,351.08",120.1,4.525,-3.505,67.783,4.236,51,74
멕시코,2005,"8,303.99",59.094,3.478,-0.491,38.524,-5.736,33,58
멕시코,2006,"9,102.51",61.241,3.528,-0.957,37.423,-3.319,27,63
멕시코,2007,"9,680.43",63.672,3.61,-1.419,37.205,-9.493,24,64
멕시코,2008,"10,053.74",66.938,3.887,-1.282,42.491,-16.62,19,63
멕시코,2009,"8,029.30",70.483,5.328,-2.849,43.675,-7.656,22,58
멕시코,2010,"9,299.46",73.411,5.273,-3.756,41.963,-4.737,23,58
멕시코,2011,"10,232.41",75.91,5.172,-3.967,42.859,-11.773,26,58
멕시코,2012,"10,271.41",79.031,4.891,-4.505,42.65,-18.381,25,68
멕시코,2013,"10,758.98",82.038,4.903,-4.139,45.899,-31.386,23,67
멕시코,2014,"10,967.11",85.335,4.824,-4.638,48.853,-25.259,18,67
멕시코,2015,"9,657.12",87.655,4.349,-4.398,52.775,-30.906,21,65
멕시코,2016,"8,788.59",90.127,3.883,-3.859,56.724,-24.14,24,64
멕시코,2017,"9,342.92",95.571,3.423,-1.994,53.963,-20.028,18,64
멕시코,2018,"9,753.67",100.251,3.32,-2.267,53.649,-24.326,23,61
멕시코,2019,"10,028.64",103.894,3.491,-1.75,53.321,-3.471,19,60
멕시코,2020,"8,506.91",107.425,4.409,-2.124,60.297,26.21,18,55
모로코,2005,"2,063.31",82.344,11.021,-5.857,59.27,0.4,29,40
모로코,2006,"2,242.73",85.049,10.9,-2.266,54.806,-0.252,31,50
모로코,2007,"2,549.88",86.781,9.7,-1.044,50.935,-0.05,28,49
모로코,2008,"2,946.93",90.158,9.5,-0.306,45.443,-4.637,26,49
모로코,2009,"2,922.59",92.465,9,-1.928,46.126,-4.949,31,52
모로코,2010,"2,896.56",93.27,9.2,-4.269,48.998,-4.078,33,51
모로코,2011,"3,111.54",93.887,8.5,-6.9,52.547,-7.986,34,50
모로코,2012,"2,979.74",94.529,8.7,-7.689,56.532,-9.347,33,50
모로코,2013,"3,200.48",96.025,9.5,-5.883,61.727,-7.868,29,48
모로코,2014,"3,259.72",96.394,9.7,-6.324,63.339,-6.569,30,50
모로코,2015,"2,964.96",97.755,9.2,-4.641,63.688,-2.165,34,49
모로코,2016,"2,995.68",99.266,9,-4.815,64.879,-4.185,34,45
모로코,2017,"3,147.10",100.004,10.6,-4.194,65.124,-3.75,31,45
모로코,2018,"3,353.10",101.573,9.4,-4.154,65.198,-6.219,35,42
모로코,2019,"3,368.39",101.817,10.2,-4.128,64.815,-4.411,33,46
모로코,2020,"3,191.05",102.451,12.2,-5.837,76.408,-1.683,35,49
모리셔스,2005,"5,516.20",58.113,9.567,-0.553,59.077,-0.324,82,64
모리셔스,2006,"5,695.98",63.292,9.081,-0.328,56.052,-0.612,71,67
모리셔스,2007,"6,574.66",68.878,8.522,1.23,49.465,-0.423,78,68
모리셔스,2008,"8,030.05",75.575,7.222,2.263,49.416,-0.971,77,75
모리셔스,2009,"7,318.13",77.482,7.328,1.703,57.602,-0.656,71,76
모리셔스,2010,"8,000.38",79.747,7.8,-0.231,55.124,-1.006,67,77
모리셔스,2011,"9,197.04",84.956,7.9,0.46,55.65,-1.538,76,76
모리셔스,2012,"9,291.24",88.235,8.1,0.883,55.061,-0.827,80,80
모리셔스,2013,"9,637.02",91.354,8,-0.484,57.541,-0.75,78,80
모리셔스,2014,"10,151.73",94.3,7.8,-1.425,60.62,-0.69,68,84
모리셔스,2015,"9,258.56",95.502,7.9,-1.22,64.993,-0.417,85,82
모리셔스,2016,"9,681.42",96.456,7.3,-1.326,64.987,-0.491,86,82
모리셔스,2017,"10,485.01",100,7.1,-1.548,64.335,-0.612,81,81
모리셔스,2018,"11,205.90",103.231,6.9,-2.057,66.223,-0.555,79,82
모리셔스,2019,"11,088.36",103.7,6.7,-8.336,84.621,-0.756,75,79
모리셔스,2020,"8,618.64",106.314,9.2,-13.629,99.184,-1.365,78,84
모잠비크,2005,416.811,40.369,,,62.38,-0.761,50,25
모잠비크,2006,435.334,45.716,,,41.481,-0.755,62,30
모잠비크,2007,482.198,50.473,,,32.257,-0.786,56,31
모잠비크,2008,563.649,57.793,,,33.705,-1.147,57,36
모잠비크,2009,520.403,59.981,,,40.482,-1.226,69,38
모잠비크,2010,471.904,67.435,,,39.618,-1.679,58,38
모잠비크,2011,594.586,74.964,,,34.72,-3.329,58,36
모잠비크,2012,657.645,76.915,,,37.436,-6.79,59,36
모잠비크,2013,664.078,80.193,,,50.135,-6.875,38,37
모잠비크,2014,673.969,82.246,,,64.341,-6.437,32,37
모잠비크,2015,589.86,85.168,,,87.426,-5.968,28,35
모잠비크,2016,428.927,100.001,,,119.161,-3.846,13,25
모잠비크,2017,461.415,115.114,,,100.023,-2.586,15,25
모잠비크,2018,503.302,119.617,,,103.597,-4.499,18,23
모잠비크,2019,506.817,122.943,,,96.053,-2.934,20,23
모잠비크,2020,448.844,126.806,,,119.016,-3.869,13,25
몰도바,2005,"1,031.42","21,873.90",7.3,,40.421,-0.226,34,37
몰도바,2006,"1,179.32","24,653.46",7.4,,34.984,-0.386,32,43
몰도바,2007,"1,526.38","27,705.98",5.1,,28.276,-0.671,43,45
몰도바,2008,"2,102.94","31,225.83",4,,22.195,-0.976,36,50
몰도바,2009,"1,890.65","31,227.59",6.4,,32.61,-0.485,26,49
몰도바,2010,"2,428.11","33,525.17",7.4,,25.475,-0.481,33,49
몰도바,2011,"2,930.06","36,089.71",6.7,,24.201,-0.852,45,51
몰도바,2012,"3,031.13","37,734.79",5.6,,31.333,-0.644,47,49
몰도바,2013,"3,307.35","39,458.96",5.1,,29.974,-0.49,46,50
몰도바,2014,"3,314.55","41,454.86",3.9,,34.961,-0.568,39,54
몰도바,2015,"2,715.78","45,446.03",5.025,,42.381,-0.463,35,51
몰도바,2016,"2,857.88","48,335.52",4.225,,39.232,-0.288,35,50
몰도바,2017,"3,478.52","51,480.35",4.125,,34.3,-0.555,33,54
몰도바,2018,"4,196.16","53,328.61",3.05,,31.23,-1.212,31,54
몰도바,2019,"4,464.12","55,912.69",5.125,,28.294,-1.112,31,56
몰도바,2020,"4,377.54","58,021.23",3.825,,36.685,-0.886,33,54
몰타,2005,"15,930.14",81.688,6.942,-4.116,69.902,-8.147,97,79
몰타,2006,"16,818.01",83.792,6.817,-2.99,64.277,-9.324,93,84
몰타,2007,"19,696.18",84.376,6.467,-3.457,61.907,-3.848,95,85
몰타,2008,"22,378.18",88.328,5.975,-6.13,61.827,-1.039,95,86
몰타,2009,"21,223.68",89.953,6.883,-3.201,66.341,-6.451,93,89
몰타,2010,"21,842.07",91.789,6.842,-3.553,65.32,-4.509,92,91
몰타,2011,"23,222.39",94.096,6.392,-2.551,69.269,-0.198,85,89
몰타,2012,"22,674.79",97.133,6.2,-3.215,65.926,1.657,87,89
몰타,2013,"24,972.68",98.083,6.108,-1.352,65.79,2.563,84,88
몰타,2014,"27,080.10",98.84,5.733,-1.505,61.592,8.502,90,82
몰타,2015,"25,228.18",100.003,5.392,-2.12,55.88,2.699,89,85
몰타,2016,"25,897.87",100.903,4.7,0.582,54.451,-0.567,90,85
몰타,2017,"29,329.34",102.175,4,3.163,47.499,5.85,94,88
몰타,2018,"32,181.37",103.954,3.658,1.169,43.524,6.42,94,88
몰타,2019,"31,853.65",105.538,3.633,0.049,40.605,5.388,84,77
몰타,2020,"28,966.25",106.368,4.367,-6.964,53.282,-3.069,83,86
미국,2005,"44,034.26",195.267,5.083,-2.616,65.493,-5.746,44,96
미국,2006,"46,216.85",201.558,4.608,-1.967,64.224,-5.911,61,96
미국,2007,"47,943.35",207.344,4.617,-2.893,64.614,-5.089,57,92
미국,2008,"48,470.55",215.254,5.8,-4.744,73.464,-4.716,67,93
미국,2009,"47,102.43",214.565,9.283,-6.551,86.637,-2.623,62,90
미국,2010,"48,586.29",218.076,9.608,-8.193,95.195,-2.871,61,92
미국,2011,"50,008.11",224.923,8.933,-6.731,99.549,-2.919,64,92
미국,2012,"51,736.74",229.586,8.075,-4.962,103.094,-2.572,66,88
미국,2013,"53,245.52",232.952,7.358,-3.154,104.584,-2.015,67,87
미국,2014,"55,083.51",236.715,6.158,-2.667,104.565,-2.108,66,89
미국,2015,"56,729.68",237.002,5.275,-2.542,105.142,-2.246,67,86
미국,2016,"57,839.99",240.005,4.875,-3.547,107.165,-2.127,60,92
미국,2017,"59,885.71",245.121,4.358,-4.151,106.204,-1.857,57,93
미국,2018,"62,769.66",251.099,3.892,-5.217,107.476,-2.135,60,93
미국,2019,"65,051.88",255.647,3.675,-6.119,108.8,-2.209,53,89
미국,2020,"63,078.47",258.838,8.092,-10.388,134.238,-2.949,46,88
바하마,2005,"30,269.03",83.153,10.17,,22.954,-0.305,78,80
바하마,2006,"30,908.21",84.781,7.628,,23.154,-1.031,72,81
바하마,2007,"31,894.39",86.822,7.853,,23.49,-0.954,71,82
바하마,2008,"31,248.60",90.671,8.703,,25.344,-0.872,73,82
바하마,2009,"29,296.49",92.181,14.246,,30.089,-0.808,78,74
바하마,2010,"29,303.26",93.676,15.082,,33.883,-0.796,84,69
바하마,2011,"28,906.97",96.546,15.889,,35.262,-1.101,88,70
바하마,2012,"30,433.05",98.392,14.367,,37.589,-1.532,91,64
바하마,2013,"29,462.76",98.831,15.782,,44.208,-1.516,91,57
바하마,2014,"30,937.32",100,14.636,,47.697,-2.193,79,57
바하마,2015,"32,648.64",101.878,13.379,,49.818,-1.478,77,58
바하마,2016,"32,565.04",101.542,12.15,,50.598,-1.473,81,63
바하마,2017,"33,191.21",103.065,10.1,,54.142,-1.698,83,59
바하마,2018,"34,094.37",105.402,10.35,,61.723,-1.199,78,62
바하마,2019,"34,575.62",108.028,10.1,,59.615,-0.359,75,53
바하마,2020,"25,734.16",108.07,25.55,,75.07,-2.33,74,53
베넹,2005,823.24,77.461,,,26.978,-0.226,60,26
베넹,2006,856.1,82.384,,,8.366,-0.217,63,38
베넹,2007,966.318,83.367,,,14.286,-0.535,58,35
베넹,2008,"1,125.30",89.008,,,18.307,-0.538,57,35
베넹,2009,"1,087.58",89.363,,,18.748,-0.651,60,40
베넹,2010,"1,037.38",91.31,,,21,-0.531,54,41
베넹,2011,"1,130.07",93.808,,,21.86,-0.517,57,40
베넹,2012,"1,145.87",100.134,,,19.54,-0.577,58,39
베넹,2013,"1,251.23",101.103,,,18.504,-0.673,58,37
베넹,2014,"1,291.74",100.009,,,22.282,-0.886,47,31
베넹,2015,"1,076.91",100.219,,,30.9,-0.679,45,31
베넹,2016,"1,086.99",99.423,,,35.923,-0.354,47,30
베넹,2017,"1,136.19",101.182,,,39.598,-0.531,47,33
베넹,2018,"1,240.84",102.041,,,41.08,-0.649,41,39
베넹,2019,"1,218.28",101.089,,,42.523,-0.576,31,38
베넹,2020,"1,290.50",104.171,,,46.142,-0.274,30,39
베트남,2005,873.136,100,5.31,,28.669,-0.765,62,29
베트남,2006,996.255,107.503,4.82,,30.248,-0.194,58,28
베트남,2007,"1,152.27",116.478,4.64,,32.21,-7.104,52,30
베트남,2008,"1,446.56",143.403,2.38,,31.045,-8.646,50,30
베트남,2009,"1,481.44",153.035,2.9,,36.348,-5.122,53,28
베트남,2010,"1,628.01",167.126,2.88,,36.848,-2.986,52,29
베트남,2011,"1,949.83",198.341,2.22,,35.777,0.136,54,30
베트남,2012,"2,197.62",216.396,1.96,,38.33,4.748,56,28
베트남,2013,"2,369.97",230.668,2.18,,41.413,3.64,57,28
베트남,2014,"2,566.85",240.089,2.1,,43.642,3.7,44,31
베트남,2015,"2,581.91",241.605,2.33,,46.116,-0.861,50,36
베트남,2016,"2,720.17",248.051,2.3,,47.548,0.248,55,35
베트남,2017,"2,957.90",256.785,2.24,,46.32,-0.596,55,36
베트남,2018,"3,201.69",265.875,2.19,,43.712,1.903,50,38
베트남,2019,"3,398.21",273.311,2.17,,41.292,3.711,48,42
베트남,2020,"3,520.74",282.118,3.3,,41.668,4.391,45,47
벨기에,2005,"36,945.50",82.671,8.475,-0.589,95.142,1.995,70,87
벨기에,2006,"38,841.79",84.595,8.267,-0.674,91.494,1.85,74,89
벨기에,2007,"44,496.79",86.132,7.492,-0.747,87.325,1.496,72,91
벨기에,2008,"48,493.14",89.998,6.967,-1.527,93.16,-1.006,68,91
벨기에,2009,"44,892.23",89.993,7.992,-3.945,100.217,1.657,75,88
벨기에,2010,"44,448.17",92.093,8.4,-3.799,100.273,1.624,74,86
벨기에,2011,"47,564.38",95.18,7.208,-3.958,103.495,-1.94,78,87
벨기에,2012,"44,824.16",97.679,7.642,-3.447,104.811,-0.081,76,87
벨기에,2013,"46,848.61",98.898,8.558,-2.787,105.486,0.955,78,88
벨기에,2014,"47,897.04",99.383,8.65,-2.459,107.046,0.772,70,85
벨기에,2015,"41,147.26",99.999,8.675,-1.849,105.229,1.383,65,88
벨기에,2016,"42,076.40",101.769,7.933,-1.587,105.005,0.552,62,88
벨기에,2017,"44,274.07",104.033,7.158,-0.506,102.009,0.698,62,87
벨기에,2018,"47,683.07",106.437,6.033,-1.002,99.858,-0.822,59,87
벨기에,2019,"46,732.67",107.766,5.442,-2.169,97.708,0.16,61,88
벨기에,2020,"45,254.72",108.227,5.733,-7.443,112.77,0.84,65,89
벨리즈,2005,"3,919.08",83.075,11,,96.477,-0.151,49,54
벨리즈,2006,"4,161.02",86.598,9.4,,93.719,-0.025,49,42
벨리즈,2007,"4,294.33",88.605,10.3,,88.351,-0.052,50,38
벨리즈,2008,"4,408.57",94.271,8.2,,83.115,-0.145,51,37
벨리즈,2009,"4,191.31",93.23,12.827,,89.129,-0.083,45,37
벨리즈,2010,"4,304.27",94.086,18.515,,86.214,-0.046,49,37
벨리즈,2011,"4,417.02",95.644,16.714,,82.672,-0.02,52,35
벨리즈,2012,"4,493.58",96.837,15.25,,79.035,-0.033,52,35
벨리즈,2013,"4,523.16",97.334,12.95,,80.715,-0.073,54,34
벨리즈,2014,"4,671.08",98.528,11.578,,78.498,-0.136,48,33
벨리즈,2015,"4,708.96",97.633,10.157,,82.239,-0.175,49,36
벨리즈,2016,"4,754.28",98.329,9.55,,87.814,-0.163,49,31
벨리즈,2017,"4,756.51",99.424,9.35,,95.947,-0.158,48,31
벨리즈,2018,"4,740.30",99.723,8.95,,95.746,-0.151,46,27
벨리즈,2019,"4,762.19",99.922,9,,96.312,-0.185,50,32
벨리즈,2020,"3,781.35",100,13.7,,133.078,-0.128,62,34
보스니아 헤르체고비나,2005,"2,903.60",81.678,31.1,1.585,25.515,-1.844,31,30
보스니아 헤르체고비나,2006,"3,306.79",86.681,31.1,2.263,21.245,-0.998,31,35
보스니아 헤르체고비나,2007,"4,073.01",87.982,29,-0.843,18.709,-1.45,25,46
보스니아 헤르체고비나,2008,"4,984.54",94.516,23.4,-6.294,30.885,-2.643,28,51
보스니아 헤르체고비나,2009,"4,711.12",94.156,24.1,-6.091,35.067,-1.131,24,51
보스니아 헤르체고비나,2010,"4,633.86",96.155,27.2,-4.184,40.805,-1.031,25,50
보스니아 헤르체고비나,2011,"5,089.85",99.991,27.6,-2.43,39.55,-1.767,20,53
보스니아 헤르체고비나,2012,"4,773.16",102.044,28,-1.267,42.207,-1.486,28,52
보스니아 헤르체고비나,2013,"5,141.57",101.949,27.5,0.029,42.499,-0.968,34,52
보스니아 헤르체고비나,2014,"5,252.94",101.034,27.5,-1.223,45.859,-1.364,45,51
보스니아 헤르체고비나,2015,"4,607.67",100,27.7,0.783,45.531,-0.826,32,48
보스니아 헤르체고비나,2016,"4,816.26",98.416,25.4,0.772,44.081,-0.804,31,49
보스니아 헤르체고비나,2017,"5,159.99",99.213,20.5,1.748,37.947,-0.876,32,48
보스니아 헤르체고비나,2018,"5,773.37",100.619,18.4,0.894,34.271,-0.662,32,45
보스니아 헤르체고비나,2019,"5,787.06",101.182,15.7,0.376,32.526,-0.565,30,47
보스니아 헤르체고비나,2020,"5,721.46",100.117,15.9,-3.074,36.533,-0.752,28,42
보츠와나,2005,"5,465.34",146.054,,,7.46,1.598,83,71
보츠와나,2006,"5,402.85",162.928,,,6.136,1.951,82,66
보츠와나,2007,"5,633.94",174.459,,,5.931,1.654,86,66
보츠와나,2008,"5,601.71",196.481,,,7.795,0.15,85,65
보츠와나,2009,"5,179.67",212.412,,,18.398,-0.648,83,66
보츠와나,2010,"6,359.64",227.174,,,20.826,-0.744,83,66
보츠와나,2011,"7,497.57",246.422,,,20.926,-0.132,85,68
보츠와나,2012,"6,818.89",264.996,,,19.984,-0.821,89,73
보츠와나,2013,"6,919.46",280.583,,,18.292,0.647,88,69
보츠와나,2014,"7,406.85",292.97,,,18.387,1.713,84,72
보츠와나,2015,"6,380.27",301.918,,,18.177,0.301,88,68
보츠와나,2016,"6,982.95",310.401,,,16.356,1.203,83,70
보츠와나,2017,"7,303.67",320.632,,,14.531,0.9,86,70
보츠와나,2018,"7,556.09",331.023,,,14.856,0.067,83,68
보츠와나,2019,"7,247.45",340.109,,,16.472,-1.171,91,66
보츠와나,2020,"6,348.81",346.538,,,18.975,-1.62,89,65
사우디 아라비아,2005,"14,068.22",68.727,6.051,,37.342,89.99,39,57
사우디 아라비아,2006,"15,603.99",70.035,6.254,,25.831,98.934,29,53
사우디 아라비아,2007,"16,666.60",73.52,5.645,,17.115,93.329,29,54
사우디 아라비아,2008,"20,157.29",78.02,5.176,,12.056,132.322,32,55
사우디 아라비아,2009,"16,094.69",81.345,5.377,,13.989,20.955,29,57
사우디 아라비아,2010,"19,163.34",84.353,5.548,,8.426,66.751,37,56
사우디 아라비아,2011,"23,654.86",87.512,5.772,,5.383,158.546,31,54
사우디 아라비아,2012,"25,208.17",90.02,5.524,,3.036,164.764,32,56
사우디 아라비아,2013,"24,892.98",93.198,5.568,,2.148,135.442,33,55
사우디 아라비아,2014,"24,929.32",95.282,5.721,,1.562,73.758,36,54
사우디 아라비아,2015,"21,063.32",96.431,5.591,,5.8,-56.724,24,54
사우디 아라비아,2016,"20,288.90",98.426,5.6,,13.093,-23.843,28,56
사우디 아라비아,2017,"21,113.96",97.601,6,,17.16,10.464,24,55
사우디 아라비아,2018,"24,438.46",100,6,,18.281,71.972,25,52
사우디 아라비아,2019,"23,485.08",97.907,5.7,,22.488,38.23,24,52
사우디 아라비아,2020,"20,088.52",101.28,7.4,,32.374,-21.565,23,62
세르비아,2005,"3,695.34",90.308,21.83,0.88,51.312,-2.202,25,29
세르비아,2006,"4,398.83",100,21.56,-1.211,37.972,-2.96,29,36
세르비아,2007,"5,878.87",106.002,18.8,-1.922,31.204,-6.958,26,42
세르비아,2008,"7,087.45",119.158,14.4,-4.009,30.556,-10.349,27,46
세르비아,2009,"6,168.23",128.83,16.9,-3.853,33.925,-2.66,29,50
세르비아,2010,"5,673.62",136.744,20,-4.02,41.215,-2.486,31,53
세르비아,2011,"6,809.94",151.973,23.6,-4.712,43.968,-3.995,37,53
세르비아,2012,"6,012.63",163.114,24.6,-5.507,54.44,-4.674,39,51
세르비아,2013,"6,752.80",175.664,23,-5.227,57.613,-2.778,43,52
세르비아,2014,"6,598.94",179.322,21.021,-4.962,67.586,-2.632,53,56
세르비아,2015,"5,588.98",181.819,19.281,-3.138,71.243,-1.369,55,57
세르비아,2016,"5,765.20",183.86,16.854,-1.163,68.772,-1.189,50,55
세르비아,2017,"6,292.55",189.616,14.869,1.075,58.649,-2.311,50,55
세르비아,2018,"7,252.40",193.333,14.073,0.72,54.405,-2.451,47,60
세르비아,2019,"7,397.47",196.909,11.581,-0.513,52.75,-3.54,45,61
세르비아,2020,"7,699.91",200.01,10.093,-5.917,57.884,-2.198,44,57
스리랑카,2005,"1,429.45",54.247,7.7,,79.169,-2.167,17,39
스리랑카,2006,"1,642.83",59.683,6.6,,76.791,-4.635,10,46
스리랑카,2007,"1,865.88",69.138,6.2,,74.268,-3.783,8,44
스리랑카,2008,"2,332.26",75.8,6,,71.099,-8.335,8,41
스리랑카,2009,"2,391.70",78.4,5.9,,75.2,-0.446,11,45
스리랑카,2010,"2,799.96",83.3,5,,71.57,-1.895,18,46
스리랑카,2011,"3,199.50",88.9,4.1,,71.108,-7.07,24,51
스리랑카,2012,"3,347.89",95.6,4,,69.609,-5.822,23,48
스리랑카,2013,"3,607.15",102.233,4.4,,71.776,-3.419,26,48
스리랑카,2014,"3,817.13",105.058,4.3,,72.217,-2.506,34,50
스리랑카,2015,"3,841.52",107.408,4.7,,78.487,-2.336,50,52
스리랑카,2016,"3,885.76",111.692,4.4,,79.016,-2.116,47,51
스리랑카,2017,"4,077.04",119.042,4.2,,77.902,-2.641,42,50
스리랑카,2018,"4,058.80",124.125,4.4,,84.193,-3.182,41,48
스리랑카,2019,"3,852.27",129.467,4.8,,86.802,-2.2,40,48
스리랑카,2020,"3,680.67",135.367,5.5,,101.237,-1.342,45,44
스웨덴,2005,,,,,,,95,93
스웨덴,2006,,,,,,,96,92
스웨덴,2007,,,,,,,96,94
스웨덴,2008,,,,,,,90,95
스웨덴,2009,,,,,,,87,96
스웨덴,2010,,,,,,,88,95
스웨덴,2011,,,,,,,92,99
스웨덴,2012,,,,,,,90,99
스웨덴,2013,,,,,,,90,99
스웨덴,2014,,,,,,,88,97
스웨덴,2015,,,,,,,81,97
스웨덴,2016,,,,,,,87,97
스웨덴,2017,,,,,,,82,96
스웨덴,2018,,,,,,,82,98
스웨덴,2019,,,,,,,86,97
스웨덴,2020,,,,,,,85,95
스위스,2005,,,,,,,91,93
스위스,2006,,,,,,,95,93
스위스,2007,,,,,,,94,95
스위스,2008,,,,,,,95,94
스위스,2009,,,,,,,95,94
스위스,2010,,,,,,,92,95
스위스,2011,,,,,,,94,95
스위스,2012,,,,,,,99,95
스위스,2013,,,,,,,98,94
스위스,2014,,,,,,,98,96
스위스,2015,,,,,,,97,95
스위스,2016,,,,,,,95,98
스위스,2017,,,,,,,94,97
스위스,2018,,,,,,,95,97
스위스,2019,,,,,,,94,95
스위스,2020,,,,,,,93,94
스페인,2005,"26,438.03",78.022,9.153,-0.343,42.43,-7.254,53,89
스페인,2006,"28,414.13",80.765,8.453,-0.082,39.064,-8.851,41,85
스페인,2007,"32,588.56",83.016,8.233,-0.754,35.765,-9.432,36,86
스페인,2008,"35,484.39",86.399,11.245,-6.547,39.712,-8.903,30,87
스페인,2009,"32,131.38",86.15,17.855,-9.913,53.261,-4.088,30,85
스페인,2010,"30,566.88",87.701,19.858,-7.777,60.515,-3.656,34,84
스페인,2011,"31,676.69",90.504,21.39,-6.811,69.85,-2.724,48,82
스페인,2012,"28,344.78",92.717,24.788,-2.721,86.307,0.086,43,78
스페인,2013,"29,084.96",94.023,26.095,-1.714,95.782,2.038,47,79
스페인,2014,"29,524.76",93.881,24.443,-1.193,100.7,1.699,55,75
스페인,2015,"25,764.22",93.412,22.058,-2.135,99.303,2.026,56,75
스페인,2016,"26,535.55",93.222,19.635,-2.495,99.166,3.176,61,81
스페인,2017,"28,196.76",95.046,17.225,-2.386,98.557,2.772,57,80
스페인,2018,"30,423.17",96.638,15.255,-2.189,97.514,1.879,57,81
스페인,2019,"29,576.25",97.314,14.105,-3.115,95.537,2.104,58,82
스페인,2020,"27,039.18",97,15.533,-5.254,119.951,0.825,58,74
슬로바키아 공화국,2005,"9,141.86",81.68,16.358,-2.29,34.732,-7.287,77,84
슬로바키아 공화국,2006,"10,700.36",85.164,13.442,-4.022,31.427,-7.026,71,85
슬로바키아 공화국,2007,"14,374.87",86.782,11.217,-4.978,30.345,-4.8,85,81
슬로바키아 공화국,2008,"18,074.62",90.21,9.592,-4.867,28.599,-6.358,87,83
슬로바키아 공화국,2009,"16,591.52",91.055,12.092,-6.572,36.361,-3.443,80,81
슬로바키아 공화국,2010,"16,784.02",91.691,14.5,-6.584,40.958,-4.669,87,81
슬로바키아 공화국,2011,"18,402.63",95.425,13.675,-3.73,43.447,-4.904,81,80
슬로바키아 공화국,2012,"17,502.51",98.984,13.967,-3.407,51.781,0.93,88,81
슬로바키아 공화국,2013,"18,274.11",100.429,14.233,-1.65,54.725,1.852,89,79
슬로바키아 공화국,2014,"18,713.38",100.333,13.183,-2.724,53.552,1.141,86,78
슬로바키아 공화국,2015,"16,326.57",100,11.483,-3.222,51.918,-2.092,75,75
슬로바키아 공화국,2016,"16,521.56",99.528,9.642,-3.061,52.437,-2.742,71,79
슬로바키아 공화국,2017,"17,544.39",100.917,8.05,-1.539,51.6,-1.916,80,76
슬로바키아 공화국,2018,"19,411.80",103.463,6.542,-1.663,49.629,-2.207,71,76
슬로바키아 공화국,2019,"19,318.89",106.324,5.717,-1.811,48.142,-3.363,68,80
슬로바키아 공화국,2020,"19,254.45",108.462,6.65,-2.003,59.742,0.103,67,75
슬로베니아,2005,"18,152.06",81.932,6.542,-1.114,26.399,-1.8,86,75
슬로베니아,2006,"19,723.86",83.949,5.992,-2.508,26.061,-1.836,87,73
슬로베니아,2007,"23,912.49",87.025,4.858,-2.333,22.848,-4.138,90,75
슬로베니아,2008,"27,744.28",91.943,4.392,-3.82,21.786,-5.319,91,76
슬로베니아,2009,"24,854.16",92.718,5.892,-4.323,34.526,-1.081,81,78
슬로베니아,2010,"23,570.18",94.383,7.3,-5.089,38.269,-0.768,77,76
슬로베니아,2011,"25,156.07",96.081,8.242,-6.938,46.458,-0.836,81,75
슬로베니아,2012,"22,674.37",98.573,8.917,-3.032,53.561,1.295,77,73
슬로베니아,2013,"23,516.59",100.32,10.175,-12.798,70.006,3.3,74,73
슬로베니아,2014,"24,263.90",100.522,9.792,-4.356,80.299,5.097,80,73
슬로베니아,2015,"20,898.86",99.998,9.025,-1.947,82.588,3.817,81,73
슬로베니아,2016,"21,681.28",99.944,8.025,-1.827,78.52,4.776,83,73
슬로베니아,2017,"23,511.32",101.374,6.6,-0.035,74.15,6.217,77,73
슬로베니아,2018,"26,217.34",103.134,5.158,0.306,70.305,5.955,79,74
슬로베니아,2019,"26,039.10",104.813,4.467,-0.093,65.606,5.988,75,80
슬로베니아,2020,"25,548.77",104.758,5.008,-6.352,79.762,7.38,70,77
싱가포르,2005,,,,,,,89,100
싱가포르,2006,,,,,,,93,98
싱가포르,2007,,,,,,,93,98
싱가포르,2008,,,,,,,99,99
싱가포르,2009,,,,,,,91,98
싱가포르,2010,,,,,,,91,98
싱가포르,2011,,,,,,,91,97
싱가포르,2012,,,,,,,97,100
싱가포르,2013,,,,,,,97,100
싱가포르,2014,,,,,,,93,100
싱가포르,2015,,,,,,,96,100
싱가포르,2016,,,,,,,99,100
싱가포르,2017,,,,,,,99,100
싱가포르,2018,,,,,,,99,100
싱가포르,2019,,,,,,,98,100
싱가포르,2020,,,,,,,97,100
아르헨티나,2005,"5,163.55",42.297,11.575,4.376,80.282,4.929,44,32
아르헨티나,2006,"5,976.08",46.907,10.175,2.755,70.793,6.499,46,26
아르헨티나,2007,"7,315.73",51.049,8.475,0.688,62.133,6.046,47,26
아르헨티나,2008,"9,146.79",55.431,7.875,-0.446,53.814,5.424,41,23
아르헨티나,2009,"8,337.81",58.907,8.675,0.479,55.397,7.251,37,22
아르헨티나,2010,"10,412.97",65.069,7.75,-0.803,43.454,-1.623,43,24
아르헨티나,2011,"12,787.81",71.43,7.15,-3.745,38.935,-5.341,52,26
아르헨티나,2012,"13,889.79",78.603,7.2,-3.485,40.436,-2.139,49,21
아르헨티나,2013,"14,488.83",86.95,7.075,-3.966,43.496,-13.125,48,18
아르헨티나,2014,"13,208.83",n/a,7.25,-3.974,44.697,-9.178,46,13
아르헨티나,2015,"14,895.32",n/a,6.533,-6.437,52.563,-17.623,46,17
아르헨티나,2016,"12,772.87",168.27,8.467,-6.898,53.06,-15.105,53,34
아르헨티나,2017,"14,618.33",211.473,8.35,-7.094,57.028,-31.149,53,42
아르헨티나,2018,"11,786.43",283.959,9.2,-4.741,85.246,-27.085,47,41
아르헨티나,2019,"10,054.02",436.015,9.825,-3.799,88.835,-3.709,44,34
아르헨티나,2020,"8,571.94",619.207,11.55,-5.727,102.79,3.313,49,32
아이슬란드,2005,,,,,,,100,95
아이슬란드,2006,,,,,,,100,93
아이슬란드,2007,,,,,,,100,93
아이슬란드,2008,,,,,,,94,88
아이슬란드,2009,,,,,,,91,80
아이슬란드,2010,,,,,,,85,78
아이슬란드,2011,,,,,,,93,81
아이슬란드,2012,,,,,,,93,82
아이슬란드,2013,,,,,,,94,84
아이슬란드,2014,,,,,,,94,87
아이슬란드,2015,,,,,,,96,87
아이슬란드,2016,,,,,,,96,87
아이슬란드,2017,,,,,,,96,90
아이슬란드,2018,,,,,,,97,90
아이슬란드,2019,,,,,,,100,90
아이슬란드,2020,,,,,,,97,91
아일랜드,2005,"50,476.48",91.3,4.625,0.549,26.054,-3.54,94,92
아일랜드,2006,"53,738.71",93.733,4.775,0.951,23.645,-5.353,92,99
아일랜드,2007,"60,770.05",96.45,5,-2.182,23.942,-6.511,93,99
아일랜드,2008,"60,989.98",99.458,6.8,-8.223,42.514,-6.255,93,100
아일랜드,2009,"51,943.35",97.783,12.642,-9.508,61.754,-4.667,86,96
아일랜드,2010,"48,612.20",96.2,14.592,-9.741,86.178,-1.197,85,94
아일랜드,2011,"52,116.93",97.35,15.4,-7.766,110.509,-1.637,78,93
아일랜드,2012,"49,000.81",99.192,15.483,-6.071,119.67,-3.381,78,94
아일랜드,2013,"51,459.00",99.725,13.767,-4.885,120.038,1.554,75,94
아일랜드,2014,"55,499.03",100.033,11.883,-3.321,104.336,1.074,87,95
아일랜드,2015,"61,861.47",99.975,9.917,-1.709,76.742,4.397,78,98
아일랜드,2016,"62,633.73",99.8,8.383,-1.576,74.294,-4.212,74,95
아일랜드,2017,"69,488.86",100.058,6.742,-0.713,67.785,0.491,85,92
아일랜드,2018,"78,844.35",100.775,5.792,-0.262,63.136,4.91,86,93
아일랜드,2019,"80,646.18",101.642,4.983,0.427,57.215,-19.85,82,93
아일랜드,2020,"85,229.90",101.183,5.842,-1.106,58.434,-2.654,83,92
에스토니아,2005,"10,426.69",69.293,8.031,-0.374,4.7,-8.678,66,88
에스토니아,2006,"12,657.06",72.372,5.912,0.146,4.629,-14.927,69,88
에스토니아,2007,"16,764.94",77.253,4.592,-0.835,3.765,-14.86,69,88
에스토니아,2008,"18,273.30",85.447,5.455,-3.932,4.51,-8.657,66,92
에스토니아,2009,"14,756.39",85.617,13.549,0.848,7.24,2.55,64,89
에스토니아,2010,"14,696.81",87.963,16.707,0.929,6.661,1.783,68,89
에스토니아,2011,"17,484.73",92.432,12.325,0.484,6.16,1.316,67,91
에스토니아,2012,"17,414.24",96.332,10.023,1.153,9.837,-1.897,67,91
에스토니아,2013,"19,056.28",99.459,8.628,1.221,10.228,0.292,68,91
에스토니아,2014,"20,253.97",99.933,7.351,1.449,10.624,0.716,73,93
에스토니아,2015,"17,403.81",100,6.185,1.336,10.069,1.774,66,93
에스토니아,2016,"18,290.29",100.8,6.758,0.333,9.997,1.231,69,93
에스토니아,2017,"20,430.57",104.48,5.763,-0.754,9.122,2.264,69,93
에스토니아,2018,"23,074.04",108.045,5.371,-1.108,8.24,0.798,65,92
에스토니아,2019,"23,400.47",110.496,4.448,-0.507,8.558,2.525,67,93
에스토니아,2020,"23,035.91",109.795,6.806,-5.048,18.996,-0.258,70,93
에콰도르,2005,"3,025.01",68.133,7.095,0.437,34.7,0.474,24,23
에콰도르,2006,"3,351.48",70.38,6.687,2.67,31.128,1.74,21,14
에콰도르,2007,"3,588.31",71.982,6.923,1.659,28.464,1.886,20,13
에콰도르,2008,"4,267.47",78.029,5.95,-2.18,24.229,1.769,21,14
에콰도르,2009,"4,241.94",82.055,6.47,-1.324,18.568,0.313,23,6
에콰도르,2010,"4,633.25",84.972,5.02,-0.34,17.696,-1.582,26,10
에콰도르,2011,"5,192.88",88.774,4.21,-1.468,16.789,-0.4,26,16
에콰도르,2012,"5,664.89",93.303,4.12,-2.344,17.496,-0.146,27,17
에콰도르,2013,"6,030.50",95.842,4.15,-6.007,20.031,-0.933,39,20
에콰도르,2014,"6,347.00",99.282,3.8,-6.462,27.973,-0.669,45,16
에콰도르,2015,"6,099.35",103.22,4.77,-6.69,35.218,-2.221,41,12
에콰도르,2016,"6,046.30",105.004,5.21,-6.706,44.582,1.109,44,13
에콰도르,2017,"6,216.61",105.442,4.62,-3.852,47.03,-0.184,41,12
에콰도르,2018,"6,318.48",105.206,3.69,-3.5,49.087,-1.308,43,17
에콰도르,2019,"6,260.60",105.486,3.84,-2.863,51.411,-0.062,39,20
에콰도르,2020,"5,670.33",105.129,5.346,-4.439,60.89,2.565,34,17
엘살바도르,2005,"2,428.57",85.162,7.2,-3.349,46.287,-0.622,45,49
엘살바도르,2006,"2,631.82",88.598,6.6,-3.774,46.923,-0.766,41,55
엘살바도르,2007,"2,786.16",92.656,6.3,-2.644,46.263,-1.217,43,58
엘살바도르,2008,"2,933.40",99.381,5.9,-4.254,48.106,-1.532,45,57
엘살바도르,2009,"2,858.48",99.915,7.3,-6.19,59.061,-0.312,44,62
엘살바도르,2010,"2,983.23",101.093,7,-4.598,60.042,-0.533,48,62
엘살바도르,2011,"3,266.01",106.278,6.6,-4.512,59.166,-1.112,50,67
엘살바도르,2012,"3,428.41",108.117,6.1,-3.967,63.573,-1.24,55,60
엘살바도르,2013,"3,509.53",108.936,5.9,-4.593,63.166,-1.518,45,61
엘살바도르,2014,"3,589.04",110.179,7,-3.98,65.296,-1.214,44,63
엘살바도르,2015,"3,705.58",109.373,7.006,-3.607,67.038,-0.754,45,60
엘살바도르,2016,"3,805.99",110.034,6.98,-3.126,68.766,-0.55,43,57
엘살바도르,2017,"3,910.25",111.15,7.049,-2.518,70.526,-0.465,36,54
엘살바도르,2018,"4,052.62",112.359,6.346,-2.705,70.354,-0.859,33,57
엘살바도르,2019,"4,167.44",112.443,6.335,-3.134,71.289,-0.165,43,56
엘살바도르,2020,"3,798.64",112.027,11.973,-3.969,89.164,0.121,46,51
영국,2005,"42,171.20",78.112,4.825,-3.488,39.405,-1.914,51,97
영국,2006,"44,731.56",79.931,5.425,-3.633,40.351,-2.809,66,100
영국,2007,"50,675.53",81.788,5.35,-4.127,41.377,-3.392,66,99
영국,2008,"48,038.97",84.733,5.725,-6.01,49.034,-3.868,61,98
영국,2009,"39,101.21",86.568,7.625,-7.608,62.844,-3.228,48,95
영국,2010,"39,731.62",89.423,7.9,-6.39,73.989,-3.07,60,98
영국,2011,"42,281.87",93.415,8.1,-5.02,79.526,-1.905,59,95
영국,2012,"42,691.19",96.057,7.975,-5.153,82.698,-3.477,60,95
영국,2013,"43,757.45",98.521,7.575,-3.237,83.554,-4.77,63,96
영국,2014,"47,816.05",99.96,6.2,-3.931,85.457,-5.111,60,97
영국,2015,"45,418.94",100,5.375,-3.613,86.022,-5.165,61,99
영국,2016,"41,630.46",100.66,4.875,-2.781,85.832,-5.326,59,95
영국,2017,"40,903.52",103.361,4.425,-2.334,85.146,-3.631,60,94
영국,2018,"43,718.97",105.922,4.075,-2.371,84.49,-3.878,50,96
영국,2019,"43,121.06",107.819,3.825,-2.654,83.85,-2.668,63,94
영국,2020,"41,127.44",108.736,4.525,0.483,102.608,-2.502,61,92
오스트리아,2005,"38,450.61",100,6.025,-2.189,68.318,2.258,86,95
오스트리아,2006,"40,674.88",101.689,5.592,-3.119,67.001,3.295,86,96
오스트리아,2007,"46,922.56",103.926,5.217,-2.797,64.74,3.802,96,96
오스트리아,2008,"51,914.01",107.281,4.425,-2.873,68.417,4.49,99,94
오스트리아,2009,"48,111.66",107.715,5.683,-3.639,79.58,2.596,91,92
오스트리아,2010,"46,955.17",109.539,5.175,-3.813,82.418,2.855,89,92
오스트리아,2011,"51,452.28",113.419,4.892,-2.998,82.178,1.631,91,91
오스트리아,2012,"48,616.90",116.331,5.242,-2.184,81.661,1.483,96,91
오스트리아,2013,"50,747.38",118.794,5.35,-1.963,81.011,1.943,96,91
오스트리아,2014,"51,814.42",120.539,6.05,-0.697,83.758,2.474,95,91
오스트리아,2015,"44,267.81",121.512,6.167,0.083,84.401,1.725,90,91
오스트리아,2016,"45,278.83",122.693,6.475,-1.148,82.549,2.724,77,91
오스트리아,2017,"47,320.54",125.43,5.925,-0.885,78.603,1.374,87,91
오스트리아,2018,"51,254.40",128.089,5.233,-0.838,74.045,0.904,80,91
오스트리아,2019,"50,239.42",130,4.808,-0.598,70.563,2.092,80,91
오스트리아,2020,"48,636.30",131.81,5.4,-5.736,83.213,1.899,75,91
온두라스,2005,"1,308.09",158.517,4.909,,55.606,-0.29,27,27
온두라스,2006,"1,430.06",167.358,3.575,,39.202,-0.404,26,35
온두라스,2007,"1,583.05",178.967,3.211,,24.022,-1.116,30,44
온두라스,2008,"1,739.36",199.375,3.156,,22.323,-2.13,28,45
온두라스,2009,"1,789.71",210.333,3.292,,23.37,-0.557,33,44
온두라스,2010,"1,904.35",220.217,4.119,,22.627,-0.804,28,45
온두라스,2011,"2,088.31",235.108,4.474,,24.525,-1.409,34,49
온두라스,2012,"2,144.34",247.377,3.754,,29.181,-1.581,36,46
온두라스,2013,"2,102.60",260.206,4.096,,39.434,-1.763,32,47
온두라스,2014,"2,206.06",276.033,5.488,,37.054,-1.372,28,38
온두라스,2015,"2,302.20",284.75,6.147,,37.114,-0.98,29,39
온두라스,2016,"2,342.02",292.508,6.727,,38.174,-0.683,30,31
온두라스,2017,"2,451.94",304.017,5.528,,38.853,-0.288,27,35
온두라스,2018,"2,506.62",317.236,5.648,,39.711,-1.582,29,36
온두라스,2019,"2,567.97",331.083,5.386,,42.623,-0.669,25,34
온두라스,2020,"2,396.69",342.567,9.4,,50.972,0.661,26,34
우간다,2005,,,,,,,10,46
우간다,2006,,,,,,,14,47
우간다,2007,,,,,,,18,49
우간다,2008,,,,,,,18,47
우간다,2009,,,,,,,17,48
우간다,2010,,,,,,,16,47
우간다,2011,,,,,,,18,48
우간다,2012,,,,,,,20,45
우간다,2013,,,,,,,20,45
우간다,2014,,,,,,,15,47
우간다,2015,,,,,,,21,46
우간다,2016,,,,,,,21,46
우간다,2017,,,,,,,26,46
우간다,2018,,,,,,,21,43
우간다,2019,,,,,,,23,38
우간다,2020,,,,,,,19,37
우루과이,2005,,,,,,,70,63
우루과이,2006,,,,,,,75,62
우루과이,2007,,,,,,,77,60
우루과이,2008,,,,,,,76,59
우루과이,2009,,,,,,,73,63
우루과이,2010,,,,,,,75,64
우루과이,2011,,,,,,,79,65
우루과이,2012,,,,,,,70,66
우루과이,2013,,,,,,,72,69
우루과이,2014,,,,,,,84,69
우루과이,2015,,,,,,,85,67
우루과이,2016,,,,,,,90,69
우루과이,2017,,,,,,,87,71
우루과이,2018,,,,,,,88,70
우루과이,2019,,,,,,,85,70
우루과이,2020,,,,,,,88,73
우크라이나,2005,"1,839.52","15,971,002.72",7.185,-2.056,17.741,2.531,37,32
우크라이나,2006,"2,319.29","17,420,464.79",6.81,-1.976,14.801,-1.617,44,32
우크라이나,2007,"3,101.39","19,657,766.63",6.351,-3.868,12.267,-5.272,49,36
우크라이나,2008,"3,944.72","24,611,788.74",6.363,-3.7,20.413,-12.763,46,33
우크라이나,2009,"2,557.28","28,524,973.50",8.843,-2.232,35.425,-1.732,34,32
우크라이나,2010,"2,982.81","31,196,306.17",8.097,-2.725,40.626,-3.018,45,34
우크라이나,2011,"3,589.63","33,678,925.09",7.856,-3.158,36.876,-10.245,44,30
우크라이나,2012,"3,872.53","33,869,340.55",7.529,-4.49,37.542,-14.315,42,30
우크라이나,2013,"3,968.85","33,780,943.69",7.172,-4.828,40.519,-16.518,21,30
우크라이나,2014,"3,053.61","37,868,272.91",9.275,-3.017,70.317,-5.113,6,29
우크라이나,2015,"2,124.33","56,303,884.05",9.143,-1.374,79.503,1.565,5,30
우크라이나,2016,"2,200.00","64,137,482.21",9.45,-1.962,79.513,-1.394,7,36
우크라이나,2017,"2,655.66","73,401,082.84",9.65,-1.675,71.62,-2.446,7,40
우크라이나,2018,"3,118.27","81,436,069.32",9,-2.21,60.424,-4.284,6,40
우크라이나,2019,"3,690.07","87,857,948.11",8.5,-1.602,50.492,-4.208,9,42
우크라이나,2020,"3,750.90","90,264,859.78",9.15,-5.149,61.001,5.172,12,41
이스라엘,2005,,,,,,,13,73
이스라엘,2006,,,,,,,13,79
이스라엘,2007,,,,,,,12,84
이스라엘,2008,,,,,,,11,85
이스라엘,2009,,,,,,,7,83
이스라엘,2010,,,,,,,10,85
이스라엘,2011,,,,,,,13,87
이스라엘,2012,,,,,,,16,86
이스라엘,2013,,,,,,,15,86
이스라엘,2014,,,,,,,13,87
이스라엘,2015,,,,,,,11,86
이스라엘,2016,,,,,,,19,88
이스라엘,2017,,,,,,,17,87
이스라엘,2018,,,,,,,15,86
이스라엘,2019,,,,,,,19,87
이스라엘,2020,,,,,,,18,87
이집트,2005,"1,331.36",20.192,11.468,n/a,98.263,2.911,27,39
이집트,2006,"1,563.74",21.058,10.917,-8.695,85.924,1.752,22,37
이집트,2007,"1,862.16",23.35,9.205,-7.201,76.268,2.269,27,43
이집트,2008,"2,271.23",26.092,8.676,-7.889,66.761,0.888,29,50
이집트,2009,"2,578.88",30.308,9.367,-7.062,69.45,-4.424,26,47
이집트,2010,"2,922.80",33.842,9.21,-8.585,69.59,-4.318,19,47
이집트,2011,"3,077.34",37.583,10.379,-9.642,72.83,-6.088,7,41
이집트,2012,"3,379.01",40.85,12.373,-9.926,73.8,-10.146,8,34
이집트,2013,"3,404.34",43.675,12.992,-13.165,84.021,-6.39,7,29
이집트,2014,"3,520.36",48.083,13.365,-11.579,85.127,-2.746,8,26
이집트,2015,"3,731.18",53.367,12.859,-11.428,88.305,-12.143,9,22
이집트,2016,"3,653.67",58.817,12.705,-12.046,96.809,-19.831,9,18
이집트,2017,"2,484.54",72.658,12.245,-10.662,103.04,-14.394,9,17
이집트,2018,"2,577.27",87.808,10.932,-9.519,92.484,-5.962,12,17
이집트,2019,"3,056.98",99.992,8.612,-7.724,84.214,-10.894,12,19
이집트,2020,"3,618.52",105.692,8.296,-6.955,89.647,-11.167,11,25
이탈리아,2005,"32,031.45",83.733,7.75,-4.514,106.557,-0.883,63,78
이탈리아,2006,"33,448.09",85.6,6.867,-3.978,106.74,-1.476,62,78
이탈리아,2007,"37,828.34",87.333,6.208,-2.884,103.89,-1.367,60,79
이탈리아,2008,"40,818.96",90.383,6.8,-3.693,106.164,-2.795,65,79
이탈리아,2009,"36,982.81",91.075,7.858,-4.086,116.61,-1.885,55,79
이탈리아,2010,"35,815.59",92.55,8.483,-3.742,119.198,-3.295,63,78
이탈리아,2011,"38,276.03",95.267,8.592,-4.005,119.692,-2.825,63,75
이탈리아,2012,"34,743.75",98.425,10.9,-1.564,126.493,-0.231,63,75
이탈리아,2013,"35,534.99",99.65,12.358,-0.52,132.455,1.114,64,75
이탈리아,2014,"35,836.16",99.883,12.775,-1.03,135.366,1.896,60,73
이탈리아,2015,"30,463.70",99.992,12.017,-0.623,135.28,1.435,59,74
이탈리아,2016,"31,190.78",99.942,11.717,-1.272,134.784,2.605,59,75
이탈리아,2017,"32,648.76",101.267,11.308,-1.582,134.161,2.587,58,75
이탈리아,2018,"34,917.58",102.525,10.625,-1.671,134.442,2.527,57,75
이탈리아,2019,"33,627.88",103.175,9.892,-0.962,134.139,3.223,59,77
이탈리아,2020,"31,707.08",103.025,9.342,-6.043,155.313,3.747,60,68
인도,2005,,,,,,,17,45
인도,2006,,,,,,,17,45
인도,2007,,,,,,,14,42
인도,2008,,,,,,,14,40
인도,2009,,,,,,,10,42
인도,2010,,,,,,,11,39
인도,2011,,,,,,,11,41
인도,2012,,,,,,,11,35
인도,2013,,,,,,,12,35
인도,2014,,,,,,,14,35
인도,2015,,,,,,,17,40
인도,2016,,,,,,,15,41
인도,2017,,,,,,,19,43
인도,2018,,,,,,,14,44
인도,2019,,,,,,,20,49
인도,2020,,,,,,,17,48
인도네시아,2005,"1,403.88",46.912,11.24,0.586,42.612,0.513,7,28
인도네시아,2006,"1,764.79",53.058,10.28,0.503,35.848,2.408,10,41
인도네시아,2007,"2,064.23",56.411,9.11,-0.958,38.121,1.445,13,41
인도네시아,2008,"2,418.04",61.978,8.39,-0.281,30.252,0.022,16,43
인도네시아,2009,"2,464.96",64.954,7.87,-1.764,26.483,1.84,21,39
인도네시아,2010,"3,178.13",68.293,7.14,-1.451,24.525,0.702,20,37
인도네시아,2011,"3,688.53",71.943,6.56,-0.974,23.106,0.189,21,39
인도네시아,2012,"3,744.53",74.807,6.14,-1.935,22.955,-2.657,26,44
인도네시아,2013,"3,684.00",79.603,6.25,-2.547,24.884,-3.176,28,46
인도네시아,2014,"3,533.61",84.695,5.94,-2.342,24.682,-3.087,30,50
인도네시아,2015,"3,367.69",90.083,6.18,-2.665,27.013,-2.035,25,47
인도네시아,2016,"3,605.72",93.26,5.61,-2.464,27.955,-1.819,32,50
인도네시아,2017,"3,885.47",96.813,5.5,-2.422,29.396,-1.595,29,51
인도네시아,2018,"3,947.25",99.999,5.24,-1.69,30.423,-2.938,27,49
인도네시아,2019,"4,196.33",102.819,5.18,-2.171,30.563,-2.703,27,51
인도네시아,2020,"3,922.60",104.909,7.07,-4.984,39.761,-0.418,28,55
일본,2005,"37,819.10",95.214,4.425,-5.248,174.293,3.521,83,87
일본,2006,"36,021.90",95.458,4.117,-3.66,174.033,3.792,91,87
일본,2007,"35,847.23",95.502,3.833,-3.316,172.809,4.633,83,85
일본,2008,"39,992.06",96.823,3.983,-3.711,180.715,2.792,77,83
일본,2009,"41,469.77",95.534,5.075,-6.323,198.703,2.745,85,83
일본,2010,"45,135.80",94.825,5.058,-7.596,205.693,3.838,78,82
일본,2011,"48,760.91",94.562,4.583,-7.572,219.094,2.084,82,82
일본,2012,"49,175.05",94.516,4.325,-7.158,226.093,0.951,78,84
일본,2013,"40,934.76",94.829,4.008,-7.132,229.626,0.882,83,83
일본,2014,"38,522.77",97.445,3.583,-5.388,233.528,0.751,80,84
일본,2015,"35,005.66",98.223,3.375,-4.176,228.397,3.07,89,85
일본,2016,"39,411.42",98.102,3.108,-4.096,232.52,3.953,82,90
일본,2017,"38,903.30",98.579,2.825,-3.312,231.416,4.128,89,90
일본,2018,"39,826.25",99.554,2.442,-2.477,232.466,3.53,88,89
일본,2019,"40,590.14",100.02,2.358,-2.532,236.139,3.435,84,88
일본,2020,"40,048.93",99.994,2.783,-8.138,258.996,2.953,87,89
체코,2005,,,,,,,78,80
체코,2006,,,,,,,86,83
체코,2007,,,,,,,83,82
체코,2008,,,,,,,86,85
체코,2009,,,,,,,79,87
체코,2010,,,,,,,83,86
체코,2011,,,,,,,89,85
체코,2012,,,,,,,87,81
체코,2013,,,,,,,88,82
체코,2014,,,,,,,83,81
체코,2015,,,,,,,82,82
체코,2016,,,,,,,81,81
체코,2017,,,,,,,83,86
체코,2018,,,,,,,87,87
체코,2019,,,,,,,80,87
체코,2020,,,,,,,79,87
칠레,2005,"7,751.05",64.434,9.3,1.092,6.864,2.104,74,89
칠레,2006,"9,635.55",66.626,7.95,1.351,4.905,7.111,65,92
칠레,2007,"10,676.73",69.567,7.008,1.038,3.817,7.499,59,92
칠레,2008,"10,934.02",75.635,7.75,-0.983,4.838,-6.965,59,93
칠레,2009,"10,378.66",76.769,11.053,-2.829,5.731,3.313,67,92
칠레,2010,"12,922.15",77.849,8.305,-1.885,8.475,3.151,68,91
칠레,2011,"14,729.12",80.446,7.3,-0.995,10.999,-6.913,62,91
칠레,2012,"15,442.45",82.859,6.595,-0.369,11.841,-11.826,58,92
칠레,2013,"15,740.56",84.341,6.082,-0.522,12.784,-13.585,60,92
칠레,2014,"14,581.43",88.318,6.495,-0.499,15.021,-9.317,60,92
칠레,2015,"13,493.33",92.159,6.328,0.469,17.376,-6.778,60,89
칠레,2016,"13,720.69",95.651,6.685,-0.958,21.104,-6.572,60,90
칠레,2017,"14,996.69",97.739,6.965,-1.984,23.663,-7.684,62,89
칠레,2018,"15,746.56",100.006,7.377,-1.504,25.812,-13.438,61,88
칠레,2019,"14,572.23",102.257,7.223,-1.686,28.289,-14.455,48,84
칠레,2020,"12,976.52",105.37,10.77,-2.237,32.58,-4.777,49,82
카메룬,2005,"1,101.55",184.983,,,43.843,-0.496,40,19
카메룬,2006,"1,147.50",194.058,,,18.354,0.194,39,21
카메룬,2007,"1,277.67",196.242,,,13.804,0.286,34,20
카메룬,2008,"1,439.39",206.717,,,11.153,-0.452,27,20
카메룬,2009,"1,409.94",213,,,11.256,-1.123,30,24
카메룬,2010,"1,353.41",215.725,,,13.989,-0.857,23,25
카메룬,2011,"1,464.89",222.067,,,15.047,-0.749,27,23
카메룬,2012,"1,404.41",227.357,,,14.874,-0.956,27,21
카메룬,2013,"1,527.77",232.018,,,17.472,-1.128,27,19
카메룬,2014,"1,604.63",236.317,,,20.707,-1.402,12,20
카메룬,2015,"1,382.65",242.694,,,31.62,-1.174,15,17
카메룬,2016,"1,412.87",244.812,,,32.108,-1.037,13,23
카메룬,2017,"1,468.93",246.383,,,36.539,-0.95,12,20
카메룬,2018,"1,585.96",249.011,,,38.335,-1.409,8,20
카메룬,2019,"1,533.16",255.118,,,41.597,-1.695,8,19
카메룬,2020,"1,539.35",261.369,,,44.852,-1.517,9,20
카자흐스탄,2005,"3,753.44",140.313,8.088,5.967,8.099,-1.036,53,45
카자흐스탄,2006,"5,261.03",152.355,7.788,6.829,6.667,-2,52,42
카자흐스탄,2007,"6,733.45",168.777,7.257,3.796,4.092,-8.373,69,39
카자흐스탄,2008,"8,349.29",197.719,6.627,0.869,6.766,6.25,68,43
카자흐스탄,2009,"7,116.37",212.153,6.554,-0.6,10.227,-4.121,73,43
카자흐스탄,2010,"9,005.04",227.27,5.762,1.768,10.683,1.385,64,42
카자흐스탄,2011,"11,552.57",246.256,5.388,5.65,10.161,10.199,36,43
카자흐스탄,2012,"12,300.19",258.86,5.283,4.263,12.125,2.247,34,39
카자흐스탄,2013,"13,789.17",273.95,5.192,4.494,12.603,1.954,35,38
카자흐스탄,2014,"12,713.56",292.35,5.136,1.883,14.496,6.114,48,45
카자흐스탄,2015,"10,435.17",311.796,5.037,-6.399,21.882,-6.012,44,53
카자흐스탄,2016,"7,662.01",357.182,4.93,-4.196,19.677,-8.132,48,52
카자흐스탄,2017,"9,186.71",383.718,4.872,-4.21,19.869,-5.102,47,61
카자흐스탄,2018,"9,749.07",406.837,4.828,2.319,20.259,-0.138,45,60
카자흐스탄,2019,"9,750.43",428.17,4.793,-1.293,19.944,-7.299,41,61
카자흐스탄,2020,"9,062.96",457.28,4.925,-6.734,26.357,-6.485,39,58
캐나다,2005,"36,439.62",106.975,6.767,1.103,70.64,1.927,73,94
캐나다,2006,"40,558.90",109.117,6.325,1.02,69.92,1.445,83,94
캐나다,2007,"44,716.99",111.45,6.075,0.827,66.862,0.823,82,94
캐나다,2008,"46,773.84",114.092,6.2,-0.541,67.886,0.147,85,96
캐나다,2009,"40,990.63",114.433,8.375,-2.054,79.272,-2.909,89,97
캐나다,2010,"47,627.35",116.467,8.075,-3.71,81.218,-3.562,81,96
캐나다,2011,"52,285.94",119.858,7.55,-3.078,81.778,-2.712,86,96
캐나다,2012,"52,744.00",121.675,7.375,-2.293,85.405,-3.534,89,96
캐나다,2013,"52,708.61",122.817,7.133,-1.504,86.145,-3.141,87,95
캐나다,2014,"51,020.84",125.158,6.967,-0.57,85.598,-2.32,93,98
캐나다,2015,"43,626.47",126.567,6.942,0.011,91.221,-3.495,95,94
캐나다,2016,"42,382.64",128.375,7.05,0.05,91.757,-3.088,94,94
캐나다,2017,"45,191.99",130.425,6.383,-0.311,88.853,-2.803,88,98
캐나다,2018,"46,625.86",133.383,5.908,0.049,88.852,-2.377,84,94
캐나다,2019,"46,403.99",135.983,5.75,-0.203,87.157,-2.035,83,96
캐나다,2020,"43,306.64",136.958,9.583,-8.611,117.755,-1.786,90,94
코스타리카,2005,"4,756.34",48.565,6.63,-2.443,37.321,-0.86,67,67
코스타리카,2006,"5,309.27",54.135,5.962,-1.381,33.037,-0.939,69,63
코스타리카,2007,"6,194.05",59.201,4.597,-0.088,26.975,-1.499,67,65
코스타리카,2008,"6,993.90",67.148,4.948,-0.733,24.007,-2.581,56,64
코스타리카,2009,"6,879.27",72.415,7.822,-3.115,26.026,-0.561,66,65
코스타리카,2010,"8,268.86",76.515,9.213,-5.065,28.09,-1.214,70,67
코스타리카,2011,"9,270.57",80.248,10.492,-4.091,29.513,-2.265,63,66
코스타리카,2012,"10,107.45",83.855,9.849,-4.615,33.741,-2.411,68,71
코스타리카,2013,"10,764.53",88.242,8.311,-5.373,35.076,-2.431,68,70
코스타리카,2014,"10,853.64",92.23,9.658,-5.666,37.436,-2.453,65,68
코스타리카,2015,"11,635.20",92.97,9.604,-5.436,39.786,-1.921,68,70
코스타리카,2016,"11,986.92",92.953,9.541,-5.233,44.056,-1.257,68,68
코스타리카,2017,"12,185.26",94.464,9.293,-6.185,47.064,-2.189,66,67
코스타리카,2018,"12,428.92",96.563,11.951,-6.446,51.839,-1.867,62,69
코스타리카,2019,"12,691.13",98.587,12.417,-6.912,56.425,-0.826,60,69
코스타리카,2020,"12,117.61",99.301,19.98,-6.667,67.167,-0.709,72,66
콜롬비아,2005,"3,493.99",57.968,11.808,0.571,38.532,-1.948,3,54
콜롬비아,2006,"3,836.67",60.463,12.042,-1.328,35.969,-2.991,4,55
콜롬비아,2007,"4,834.43",63.814,11.192,-2.02,32.663,-6.15,7,58
콜롬비아,2008,"5,622.11",68.282,11.25,-0.851,32.382,-6.497,6,60
콜롬비아,2009,"5,330.80",71.145,12.025,-2.023,35.387,-4.433,5,56
콜롬비아,2010,"6,498.59",72.758,11.775,-2.654,36.497,-8.583,9,59
콜롬비아,2011,"7,518.30",75.243,10.808,-2.798,35.783,-9.735,12,62
콜롬비아,2012,"8,237.29",77.632,10.375,-1.449,33.967,-11.64,8,64
콜롬비아,2013,"8,409.69",79.201,9.658,-2.816,37.592,-12.365,10,64
콜롬비아,2014,"8,312.06",81.503,9.1,-3.325,43.319,-19.819,11,68
콜롬비아,2015,"6,337.03",85.57,8.917,-3.862,50.419,-18.702,13,69
콜롬비아,2016,"6,037.13",91.993,9.217,-1.486,49.796,-12.587,16,67
콜롬비아,2017,"6,577.29",95.958,9.367,-1.221,49.436,-9.924,18,66
콜롬비아,2018,"6,923.64",99.065,9.667,-1.829,53.584,-14.041,19,64
콜롬비아,2019,"6,540.14",102.553,10.508,-1.519,52.401,-14.808,15,66
콜롬비아,2020,"5,368.32",105.142,16.067,-4.071,65.658,-9.207,22,63
크로아티아,2005,"10,621.89",79.942,17.583,-6.157,40.904,-3.287,59,65
크로아티아,2006,"11,797.84",82.492,16.525,-11.747,38.425,-3.928,64,64
크로아티아,2007,"14,047.05",84.883,14.733,-8.77,37.124,-4.699,67,66
크로아티아,2008,"16,415.45",90.042,13.033,-7.146,39.008,-7.388,66,66
크로아티아,2009,"14,653.77",92.183,14.517,-7.312,48.292,-4.11,68,68
크로아티아,2010,"14,068.93",93.133,17.167,-6.151,57.2,-1.289,67,70
크로아티아,2011,"14,755.90",95.25,17.367,-6.343,63.538,-1.062,68,70
크로아티아,2012,"13,400.31",98.5,18.6,-6.106,69.266,-1.013,65,67
크로아티아,2013,"13,836.71",100.683,19.808,-6.257,80.043,-0.601,66,67
크로아티아,2014,"13,763.67",100.467,19.275,-4.798,83.69,0.204,67,66
크로아티아,2015,"11,932.27",100,17.067,-2.785,83.25,1.691,65,65
크로아티아,2016,"12,528.85",98.875,14.958,-0.948,79.723,1.208,68,66
크로아티아,2017,"13,627.75",99.992,12.433,0.836,76.518,1.99,70,70
크로아티아,2018,"15,226.94",101.492,9.858,1.513,73.208,1.174,73,71
크로아티아,2019,"15,312.63",102.275,7.758,-0.576,71.082,1.887,70,72
크로아티아,2020,"14,131.44",102.383,9,-5.152,87.281,-0.064,66,66
키프로스,2005,"25,527.25",84.873,5.3,-2.56,64.029,-5.315,64,85
키프로스,2006,"27,448.57",86.784,4.55,-3.125,59.031,-6.287,63,88
키프로스,2007,"31,774.43",88.668,3.925,-2.674,53.15,-10.65,63,88
키프로스,2008,"36,009.56",92.556,3.65,-3.218,44.126,-14.74,69,88
키프로스,2009,"32,650.09",92.723,5.325,-5.64,52.821,-6.688,58,89
키프로스,2010,"31,439.12",95.096,6.275,-5.608,55.486,-10.733,62,90
키프로스,2011,"32,819.30",98.406,7.85,-5.129,64.987,-2.315,67,86
키프로스,2012,"28,993.69",101.445,11.8,-4.197,79.375,-3.868,67,84
키프로스,2013,"27,601.69",101.833,15.85,-2.089,102.911,-1.474,65,78
키프로스,2014,"26,995.34",101.558,16.075,1.513,109.085,-4.069,64,83
키프로스,2015,"23,428.59",99.994,14.9,3.378,107.16,-0.448,63,81
키프로스,2016,"24,692.37",98.778,12.95,1.214,103.065,-4.203,66,83
키프로스,2017,"26,746.15",99.45,11.05,1.279,92.931,-5.06,65,81
키프로스,2018,"29,546.55",100.23,8.35,2,98.351,-3.969,63,78
키프로스,2019,"29,411.88",100.781,7.075,0.362,91.082,-5.686,64,81
키프로스,2020,"27,783.76",99.674,7.575,-4.067,114.961,-10.071,56,81
태국,2005,"2,890.48",76.4,1.858,0.494,45.462,-4.041,22,63
태국,2006,"3,366.82",80,1.517,7.643,39.177,1.045,15,58
태국,2007,"3,973.99",81.733,1.364,2.825,35.985,5.925,14,57
태국,2008,"4,373.45",86.217,1.372,1.09,34.947,0.32,13,58
태국,2009,"4,208.36",85.467,1.5,-1.743,42.364,7.885,10,57
태국,2010,"5,073.71",88.286,1.05,1.333,39.831,3.369,9,56
태국,2011,"5,493.74",91.65,0.655,2.631,39.116,2.541,14,56
태국,2012,"5,862.99",94.411,0.662,-0.91,41.93,-1.232,13,59
태국,2013,"6,168.71",96.474,0.7,-0.407,42.19,-2.101,10,58
태국,2014,"5,952.38",98.302,0.8,0.374,43.335,2.858,16,62
태국,2015,"5,837.81",97.418,0.9,2.628,42.559,6.918,15,63
태국,2016,"5,995.21",97.601,1,1.177,41.745,10.505,14,60
태국,2017,"6,596.22",98.25,1.2,1.649,41.778,9.628,19,60
태국,2018,"7,295.95",99.297,1.1,1.827,41.941,5.611,19,59
태국,2019,"7,813.61",99.998,1,1.192,41.058,6.993,28,60
태국,2020,"7,167.52",99.151,2,-1.824,49.752,4.233,25,59
터키,2005,"7,350.89",117.482,9.488,2.048,50.223,-20.98,28,61
터키,2006,"7,961.08",128.757,9.034,2.098,44.257,-31.168,27,59
터키,2007,"9,640.57",140.031,9.183,0.065,37.799,-36.949,20,62
터키,2008,"10,778.13",154.656,10.02,-0.332,37.795,-39.425,19,59
터키,2009,"8,941.40",164.323,13.053,-0.404,43.491,-11.358,16,60
터키,2010,"10,533.45",178.4,11.127,0.332,39.723,-44.616,19,60
터키,2011,"11,221.40",189.946,9.096,1.077,36.17,-74.402,18,62
터키,2012,"11,637.92",206.835,8.432,0.05,32.442,-47.96,13,65
터키,2013,"12,488.97",222.333,9.041,-0.432,31.16,-55.856,11,65
터키,2014,"12,079.29",242.02,9.897,-0.284,28.488,-38.851,12,66
터키,2015,"10,973.59",260.585,10.316,-0.419,27.362,-27.314,9,63
터키,2016,"10,891.19",280.846,10.915,-1.762,27.999,-27.038,5,61
터키,2017,"10,628.90",312.144,10.918,-2.184,28.027,-40.877,7,57
터키,2018,"9,508.00",363.125,10.907,-3.766,30.169,-21.74,10,55
터키,2019,"9,145.77",418.236,13.731,-4.412,32.663,5.303,10,54
터키,2020,"8,610.03",469.591,13.147,-3.359,39.518,-35.537,12,52
파라과이,2005,"1,857.78",51.925,5.831,2.419,24.064,-0.068,26,21
파라과이,2006,"2,285.13",56.892,6.653,3.066,18.184,0.168,23,24
파라과이,2007,"2,988.68",61.525,5.601,2.727,14.948,0.779,23,29
파라과이,2008,"4,054.04",67.792,5.728,3.032,14.437,0.2,21,33
파라과이,2009,"3,623.93",69.558,6.398,0.693,13.72,0.604,20,36
파라과이,2010,"4,329.69",72.783,5.674,0.989,12.054,0.049,21,40
파라과이,2011,"5,301.83",78.783,5.621,2.014,10.322,0.2,25,38
파라과이,2012,"5,153.42",81.692,4.573,-0.468,12.312,-0.286,20,42
파라과이,2013,"5,892.85",83.867,5.021,-0.576,13.495,0.621,23,43
파라과이,2014,"6,065.28",88.083,6.038,-0.408,15.589,-0.051,42,43
파라과이,2015,"5,360.08",90.842,5.351,-1.555,18.613,-0.145,49,45
파라과이,2016,"5,265.06",94.55,5.998,-0.094,19.39,1.305,50,42
파라과이,2017,"5,608.16",97.967,6.086,-1.606,19.847,1.183,46,41
파라과이,2018,"5,703.32",101.858,6.236,-2.26,22.331,0.021,44,52
파라과이,2019,"5,299.67",104.667,6.569,-3.261,25.78,-0.178,46,47
파라과이,2020,"4,885.40",106.517,7.708,-6.49,36.899,0.96,48,43
파키스탄,2005,869.227,37.388,7.69,,52.339,-1.474,5,26
파키스탄,2006,994.373,40.351,6.2,,48.395,-4.899,3,34
파키스탄,2007,"1,084.44",43.486,5.2,,47.082,-6.772,1,31
파키스탄,2008,"1,160.14",48.702,5.2,,51.88,-13.788,1,31
파키스탄,2009,"1,118.45",58.231,5.46,,52.82,-9.26,1,31
파키스탄,2010,"1,158.34",64.114,5.55,,54.513,-3.946,0,30
파키스탄,2011,"1,369.47",72.873,5.95,,52.818,0.214,0,29
파키스탄,2012,"1,403.63",80.892,5.95,,56.727,-4.658,1,26
파키스탄,2013,"1,422.19",86.847,5.975,,57.904,-2.496,1,26
파키스탄,2014,"1,474.61",94.334,6,,57.052,-3.13,3,28
파키스탄,2015,"1,601.52",98.602,5.9,,57.021,-2.815,1,29
파키스탄,2016,"1,563.11",101.426,5.958,,60.809,-4.961,1,27
파키스탄,2017,"1,653.48",105.633,6.018,,60.856,-12.27,2,29
파키스탄,2018,"1,689.80",109.779,5.8,,64.82,-19.195,3,29
파키스탄,2019,"1,488.56",117.177,6.9,,77.505,-13.434,3,27
파키스탄,2020,"1,371.41",129.763,7.6,,79.587,-4.449,5,24
페루,2005,"2,669.21",88.458,9.579,-0.723,40.359,1.162,19,55
페루,2006,"3,106.72",90.228,8.542,0.196,34.94,2.915,22,57
페루,2007,"3,587.80",91.833,8.419,1.59,31.87,1.522,21,60
페루,2008,"4,225.86",97.148,8.377,0.967,27.934,-5.286,17,63
페루,2009,"4,171.73",100,8.387,-0.638,28.313,-0.633,14,64
페루,2010,"5,051.22",101.53,7.88,-0.071,25.359,-3.562,17,65
페루,2011,"5,727.14",104.951,7.727,1.188,23.017,-3.376,22,67
페루,2012,"6,399.34",108.787,6.798,1.325,21.175,-6.087,19,68
페루,2013,"6,631.03",111.84,5.945,0.122,19.964,-10.379,20,66
페루,2014,"6,564.46",115.47,5.938,-0.123,20.647,-9.083,27,69
페루,2015,"6,139.22",119.566,6.49,-1.552,24.075,-9.524,32,69
페루,2016,"6,169.39",123.863,6.742,-1.833,24.499,-5.063,38,70
페루,2017,"6,728.07",127.335,6.876,-2.079,25.415,-2.776,36,68
페루,2018,"7,007.30",129.012,6.7,-1.621,26.183,-3.924,37,69
페루,2019,"6,963.00",131.768,6.6,-0.586,27.093,-2.404,42,72
페루,2020,"6,127.48",134.175,13.9,-5.935,35.085,1.546,39,70
포르투갈,2005,"18,790.56",85.64,8.343,-5.603,72.249,-9.585,81,88
포르투갈,2006,"19,840.47",88.248,8.408,-3.981,73.679,-10.26,79,81
포르투갈,2007,"22,813.67",90.386,8.722,-3.774,72.728,-9.62,77,83
포르투갈,2008,"24,946.26",92.783,8.315,-5.155,75.643,-11.833,81,82
포르투갈,2009,"23,126.18",91.945,10.177,-7.742,87.799,-10.294,73,80
포르투갈,2010,"22,539.04",93.224,11.506,-7.712,100.214,-10.256,71,75
포르투갈,2011,"23,213.13",96.538,13.445,-5.325,114.403,-5.978,70,72
포르투갈,2012,"20,576.83",99.218,16.516,-1.593,129.035,-1.613,71,76
포르투갈,2013,"21,653.51",99.654,17.092,-0.228,131.43,1.636,69,76
포르투갈,2014,"22,109.32",99.495,14.535,0.977,132.941,0.158,74,75
포르투갈,2015,"19,252.02",100,12.939,0.059,131.179,0.23,78,79
포르투갈,2016,"19,986.36",100.636,11.452,-0.104,131.506,1.172,80,76
포르투갈,2017,"21,482.83",102.202,9.225,-0.314,126.143,1.295,90,79
포르투갈,2018,"23,573.30",103.395,7.167,-0.149,121.481,0.554,90,79
포르투갈,2019,"23,333.32",103.705,6.667,-0.059,116.608,0.435,88,78
포르투갈,2020,"22,176.75",103.579,7.142,-0.927,135.186,-1.069,86,75
폴란드,2005,"8,023.92",135.371,18.052,-3.701,46.604,-8.858,57,73
폴란드,2006,"9,031.80",136.77,14.169,-5.042,47.271,-14.894,55,72
폴란드,2007,"11,252.86",140.178,9.944,-2.833,44.499,-28.752,70,74
폴란드,2008,"13,999.50",146.089,7.466,-4.218,46.735,-37.272,78,75
폴란드,2009,"11,532.28",151.129,8.514,-7.139,49.821,-18.678,82,78
폴란드,2010,"12,619.62",155.033,9.964,-7.381,53.545,-26.623,84,80
폴란드,2011,"13,879.53",161.648,9.937,-5.604,54.725,-28.395,86,78
폴란드,2012,"13,096.89",167.629,10.377,-3.674,54.423,-20.055,86,79
폴란드,2013,"13,688.36",169.137,10.602,-3.506,56.54,-9.425,82,81
폴란드,2014,"14,272.29",169.095,9.198,-2.976,51.069,-14.217,76,81
폴란드,2015,"12,563.61",167.517,7.659,-2.268,51.269,-4.361,75,80
폴란드,2016,"12,438.52",166.54,6.263,-1.973,54.201,-3.749,63,80
폴란드,2017,"13,868.91",169.829,4.952,-1.55,50.617,-2.164,64,79
폴란드,2018,"15,468.26",172.546,3.89,-1.183,48.819,-7.54,63,80
폴란드,2019,"15,726.88",176.529,3.312,-1.41,45.607,2.819,65,81
폴란드,2020,"15,718.20",182.531,3.2,-6.448,57.445,17.519,63,76
프랑스,2005,"36,000.92",86.465,8.883,-3.881,67.382,0.104,58,86
프랑스,2006,"37,762.46",88.102,8.842,-3.094,64.611,0.253,64,87
프랑스,2007,"42,998.45",89.518,8.017,-3.797,64.537,-0.102,65,87
프랑스,2008,"46,927.31",92.347,7.475,-3.955,68.777,-0.696,65,87
프랑스,2009,"43,079.37",92.44,9.075,-5.683,83.04,-0.55,64,86
프랑스,2010,"42,100.29",94.048,9.267,-5.872,85.256,-0.629,69,87
프랑스,2011,"45,378.30",96.198,9.225,-4.746,87.837,-0.859,65,85
프랑스,2012,"42,348.74",98.328,9.758,-3.956,90.602,-0.965,64,83
프랑스,2013,"44,130.83",99.302,10.308,-2.809,93.412,-0.51,62,85
프랑스,2014,"44,545.72",99.91,10.258,-2.525,94.889,-0.956,58,82
프랑스,2015,"37,918.77",99.999,10.35,-2.123,95.582,-0.368,51,84
프랑스,2016,"38,332.68",100.305,10.042,-1.987,97.958,-0.486,43,83
프랑스,2017,"40,053.62",101.473,9.442,-1.873,98.131,-0.767,56,84
프랑스,2018,"43,021.38",103.603,9.008,-1.532,97.783,-0.831,48,84
프랑스,2019,"41,939.21",104.947,8.417,-2.115,97.414,-0.291,57,91
프랑스,2020,"40,162.15",105.498,8.008,-5.889,115.152,-1.901,57,86
핀란드,2005,"39,147.22",82.208,8.475,2.104,39.865,2.877,100,99
핀란드,2006,"41,308.62",83.256,7.775,2.459,37.997,3.931,100,95
핀란드,2007,"48,590.20",84.574,6.95,2.004,33.904,4.028,100,93
핀란드,2008,"53,897.91",87.886,6.425,1.262,32.561,2.543,100,95
핀란드,2009,"47,541.75",89.322,8.325,-0.395,41.531,1.996,99,98
핀란드,2010,"46,647.00",90.828,8.5,-1.77,46.905,1.489,97,99
핀란드,2011,"51,263.57",93.847,7.9,-1.411,48.271,-1.44,98,98
핀란드,2012,"47,850.56",96.814,7.8,-1.539,53.622,-2.055,98,98
핀란드,2013,"50,006.02",98.959,8.325,-0.898,56.229,-1.798,97,99
핀란드,2014,"50,434.79",100.156,8.825,-0.679,59.826,-1.332,96,99
핀란드,2015,"42,867.09",100,9.575,0.129,63.642,-0.937,87,98
핀란드,2016,"43,865.76",100.389,8.975,-0.337,63.176,-1.999,84,97
핀란드,2017,"46,437.21",101.232,8.825,-0.856,61.167,-0.803,88,97
핀란드,2018,"50,033.31",102.415,7.408,-0.865,59.779,-1.845,80,96
핀란드,2019,"48,666.51",103.579,6.742,-0.98,59.594,-0.312,76,98
핀란드,2020,"49,159.28",103.976,7.758,-2.989,68.986,0.834,82,99
필리핀,2005,"1,261.27",62.1,11.35,-1.894,64.674,1.853,14,49
필리핀,2006,"1,470.83",65.483,7.95,-0.033,57.189,5.455,8,50
필리핀,2007,"1,764.68",67.392,7.325,-0.492,50.168,5.175,8,51
필리핀,2008,"2,011.63",72.925,7.4,-0.156,50.01,0.08,8,52
필리핀,2009,"1,923.67",76.017,7.475,-2.133,49.805,4.797,6,51
필리핀,2010,"2,237.16",78.858,7.325,-2.342,47.587,3.445,5,45
필리핀,2011,"2,473.25",82.6,7.025,-0.255,45.434,2.409,9,44
필리핀,2012,"2,721.25",85.208,6.975,-0.388,45.691,2.653,14,52
필리핀,2013,"2,903.19",87.417,7.075,0.183,43.797,4.01,16,50
필리핀,2014,"2,995.50",90.558,6.8,0.657,40.24,3.616,22,52
필리핀,2015,"3,039.23",91.183,6.275,0.642,39.64,2.371,20,52
필리핀,2016,"3,107.65",92.308,5.475,-0.382,37.343,-0.376,10,54
필리핀,2017,"3,153.31",94.942,5.725,-0.453,38.108,-0.652,11,56
필리핀,2018,"3,279.52",99.983,5.325,-1.602,37.134,-2.559,13,53
필리핀,2019,"3,512.20",102.375,5.1,-1.649,36.967,-0.809,17,55
필리핀,2020,"3,323.43",104.825,10.4,-3.471,51.675,3.203,19,53
헝가리,2005,"11,188.45",76.916,6.8,-10.245,60.245,-8.138,80,79
헝가리,2006,"11,469.41",79.928,7.075,-11.698,64.202,-8.624,81,86
헝가리,2007,"13,904.83",86.295,7,-6.685,65.2,-10.334,72,86
헝가리,2008,"15,742.79",91.517,7.468,-5.928,71.176,-11.488,71,86
헝가리,2009,"13,035.62",95.361,9.681,-3.04,77.37,-1.044,64,82
헝가리,2010,"13,173.21",100.003,10.801,-4.11,80.163,0.256,69,81
헝가리,2011,"14,195.85",103.923,10.655,-4.156,80.442,0.661,70,81
헝가리,2012,"12,935.51",109.813,10.668,0.126,78.361,1.993,69,79
헝가리,2013,"13,665.53",111.703,9.849,-0.58,77.354,4.699,71,78
헝가리,2014,"14,251.80",111.455,7.511,-1.949,76.688,1.701,69,75
헝가리,2015,"12,690.17",111.377,6.626,-1.372,75.821,2.938,70,75
헝가리,2016,"13,086.07",111.843,4.971,-1.582,74.835,5.765,67,72
헝가리,2017,"14,608.72",114.536,4.041,-2.864,72.075,2.863,75,74
헝가리,2018,"16,423.28",117.799,3.596,-3.032,69.05,0.255,71,72
헝가리,2019,"16,731.47",121.771,3.309,-3.4,65.479,-1.139,72,73
헝가리,2020,"15,948.41",125.812,4.115,-7.472,80.036,-2.473,75,68
호주,2005,,,,,,,76,94
호주,2006,,,,,,,79,95
호주,2007,,,,,,,79,96
호주,2008,,,,,,,80,97
호주,2009,,,,,,,77,99
호주,2010,,,,,,,78,97
호주,2011,,,,,,,75,98
호주,2012,,,,,,,82,97
호주,2013,,,,,,,83,97
호주,2014,,,,,,,85,98
호주,2015,,,,,,,76,96
호주,2016,,,,,,,89,98
호주,2017,,,,,,,80,98
호주,2018,,,,,,,85,98
호주,2019,,,,,,,79,99
호주,2020,,,,,,,73,98
