국가별,시점,인당_GDP,부채비율,실업률,상품및서비스수입,상품및서비스수출,정치적안정성,규제의질,경상수지
과테말라,2005,2068.500129,29.84,3.02,-0.57197038,-2.109630244,22,38,-4.633442144
과테말라,2006,2251.087963,28.48,3.02,6.450058803,4.790667156,25,46,-5.123659021
과테말라,2007,2490.749127,20.85,3.03,7.234670214,9.416119589,22,48,-5.31937263
과테말라,2008,2802.461962,20.04,3.08,-5.747167576,-0.162997452,22,50,-4.034822861
과테말라,2009,2651.817123,22.69,3.36,-7.801369348,-2.661219591,19,48,0.194642568
과테말라,2010,2852.547327,24.57,3.5,9.994590065,6.133976528,21,48,-1.885492291
과테말라,2011,3228.045741,23.74,3.12,7.001978017,3.007954772,23,49,-3.370234354
과테말라,2012,3355.036919,24.21,2.77,2.791891866,1.753647296,25,47,-3.724799325
과테말라,2013,3522.773706,25.34,3.02,4.258782655,6.662733741,24,46,-4.224391083
과테말라,2014,3779.642336,25.07,2.72,3.370191941,6.927340088,24,47,-3.300306178
과테말라,2015,3994.636913,24.74,2.51,3.647962116,2.837720864,23,47,-1.244307655
과테말라,2016,4173.301666,24.26,2.58,0.942356245,2.359042646,25,47,0.964771736
과테말라,2017,4454.04815,26.09,2.46,2.824775102,1.490103369,23,42,1.196134776
과테말라,2018,4478.424646,26.04,2.41,3.926998284,-0.311445291,28,47,0.850085261
과테말라,2019,4638.634943,27.88,2.36,4.910794017,0.080106348,25,44,2.325562603
과테말라,2020,4603.339617,31.26,4.65,-4.603250069,-4.449209706,31,45,5.074039886
그리스,2005,22551.73577,107.4,9.99,0.854104893,3.339476886,64,77,-7.352705322
그리스,2006,24801.15778,103.6,9.01,13.30978097,5.212741905,65,76,-10.82124646
그리스,2007,28827.32639,103.1,8.4,15.49941972,10.61835294,62,78,-13.99671521
그리스,2008,31997.28202,109.4,7.76,1.320712289,3.472802964,54,76,-14.47185503
그리스,2009,29710.97023,126.7,9.62,-20.35391405,-18.51933595,38,75,-10.89259603
그리스,2010,26690.60742,147.5,12.71,-3.430610638,4.861192368,41,72,-10.19508337
그리스,2011,25450.53412,175.2,17.87,-9.594901236,0.63894463,42,68,-10.1191522
그리스,2012,21914.25173,162,24.44,-5.511402347,1.962690916,39,69,-2.549998636
그리스,2013,21781.59535,178.2,27.47,-3.477623639,1.787376098,40,73,-2.07215943
그리스,2014,21587.95755,180.3,26.49,6.74602001,8.247337631,40,64,-1.588259525
그리스,2015,18076.60676,176.7,24.9,7.850899387,5.018175967,39,67,-0.82379953
그리스,2016,17911.79938,180.5,23.54,2.155816726,-0.414612472,41,59,-1.689518152
그리스,2017,18536.19072,179.5,21.49,7.374129384,8.511477939,42,63,-1.808869182
그리스,2018,19747.34258,186.4,19.29,8.099445619,9.117633878,53,66,-2.948168897
그리스,2019,19133.75776,180.7,17.31,3.051942826,4.885430257,54,71,-1.517035962
그리스,2020,17622.541,206.3,16.85,-7.630607787,-21.54536893,51,72,-6.573473428
네덜란드,2005,41979.05585,49.8,5.87,5.427500404,5.760175605,79,99,6.06783176
네덜란드,2006,44863.35063,45.2,5,7.650056254,7.172885964,76,97,7.799224428
네덜란드,2007,51733.44213,43,4.15,7.813123486,5.354911441,73,98,5.906151894
네덜란드,2008,57644.47997,54.7,3.65,-0.700672125,1.616815944,76,97,4.109995905
네덜란드,2009,52514.02712,56.8,4.35,-7.806533844,-8.641740368,82,97,5.767098503
네덜란드,2010,50950.03434,59.2,4.99,8.521722297,9.727604623,82,97,7.300571697
네덜란드,2011,54159.34661,61.7,4.98,3.871521934,5.159174883,90,97,9.000619167
네덜란드,2012,50073.00566,66.2,5.82,2.184659454,3.258790906,91,96,10.66950174
네덜란드,2013,52184.06185,67.7,7.24,2.234700687,2.478377309,91,96,9.749622577
네덜란드,2014,52830.17423,67.9,7.42,3.266635837,4.546410944,86,96,8.52464333
네덜란드,2015,45175.23189,64.6,6.87,14.52894728,7.393800687,80,97,6.348486403
네덜란드,2016,46007.85292,61.9,6.01,-1.977269309,1.668265092,78,99,8.036454796
네덜란드,2017,48554.99228,56.9,4.84,6.18987292,6.49973287,80,99,10.84758875
네덜란드,2018,53018.62936,52.4,3.83,4.723190534,4.330415052,76,99,10.84281997
네덜란드,2019,52476.27325,48.5,3.38,3.233176322,1.979894356,76,98,9.369515082
네덜란드,2020,52397.11671,54.3,4.09,-5.533187027,-4.830444106,74,97,6.965475166
노르웨이,2005,66810.47852,41.3,4.38,7.915471799,0.452732622,94,91,16.17676605
노르웨이,2006,74148.32008,52,3.4,9.076101965,-0.805967567,94,86,16.179423
노르웨이,2007,85139.96045,49,2.49,10.02004785,1.360659837,92,87,12.40403234
노르웨이,2008,96944.09561,46.7,2.55,3.201176915,0.132299286,96,89,15.77394514
노르웨이,2009,79977.69708,41.5,3.1,-10.31351005,-4.10050579,93,93,11.69604529
노르웨이,2010,87693.79007,42.8,3.52,8.416536751,0.556215322,95,93,11.72181976
노르웨이,2011,100600.5624,29,3.22,3.945106876,-0.814433974,97,94,13.33649743
노르웨이,2012,101524.1419,30.1,3.12,2.857168586,1.719790237,95,93,12.48176084
노르웨이,2013,102913.4508,30.9,3.42,4.973188295,-1.775150062,96,95,10.22450643
노르웨이,2014,97019.18275,28.7,3.48,2.00224348,3.405932056,90,93,11.02800036
노르웨이,2015,74355.51586,33.4,4.3,1.934527764,4.342248267,91,92,8.062585073
노르웨이,2016,70460.56053,37.2,4.68,2.672761436,1.065745639,93,93,4.003476423
노르웨이,2017,75496.75406,37.8,4.16,1.878585763,1.69946122,90,96,5.434298046
노르웨이,2018,82267.80932,39.1,3.8,1.396690349,-1.223763497,91,97,8.00032865
노르웨이,2019,75826.08188,40.3,3.69,4.697383211,0.526624786,92,97,2.882182432
노르웨이,2020,67389.91205,45.9,4.62,-11.87074102,-0.453633945,94,96,1.981901325
뉴질랜드,2005,27751.06547,12.7,3.81,4.870060023,-0.442598799,92,97,-6.995367949
뉴질랜드,2006,26654.5932,9.8,3.86,-1.67128368,3.468783854,94,98,-7.065173414
뉴질랜드,2007,32479.98174,7.6,3.66,10.54601869,3.923490448,95,97,-6.797017544
뉴질랜드,2008,31252.96256,5.4,4.17,-3.165725456,-2.68554998,92,98,-7.709481547
뉴질랜드,2009,28209.36233,9,6.12,-9.359049047,4.036075792,87,100,-2.480107796
뉴질랜드,2010,33676.77412,13.6,6.56,11.49454224,2.820962,91,99,-2.340594853
뉴질랜드,2011,38387.62708,19.5,6.49,6.572991482,2.294145616,98,100,-2.865769455
뉴질랜드,2012,39973.38076,23.6,6.93,1.326664963,3.04134625,97,99,-3.908650838
뉴질랜드,2013,42976.64959,25.5,5.77,8.127660193,0.135514858,99,98,-3.057464071
뉴질랜드,2014,44572.89875,25.3,5.37,7.419437124,4.650778036,100,99,-3.09166874
뉴질랜드,2015,38630.72659,24.7,5.35,2.273994208,6.241918048,99,99,-2.631610575
뉴질랜드,2016,40080.49411,24,5.08,5.192098306,1.555634436,100,99,-2.192136593
뉴질랜드,2017,42992.89527,21.6,4.7,7.226949886,3.551801249,99,99,-2.796095037
뉴질랜드,2018,43306.07,19.4,4.3,3.93883284,2.832904986,99,99,-3.821808722
뉴질랜드,2019,42755.21626,18.6,4.07,1.035421495,-0.24844518,97,99,-2.833173418
뉴질랜드,2020,41441.46667,26.3,4.55,-15.90927384,-17.63127445,98,100,-0.933021834
니카라과,2005,1162.289685,109.8,5.37,8.599738817,7.669463785,36,38,-12.39563991
니카라과,2006,1226.644309,66.7,5.31,4.441131212,12.49264965,37,37,-13.080663
니카라과,2007,1327.966782,62.2,4.89,12.1439618,9.621595435,40,35,-16.25934787
니카라과,2008,1499.25762,57.91,6.2,10.16749454,8.119123027,38,38,-17.06848433
니카라과,2009,1444.36951,61.09,8.16,-9.135544402,0.040873791,34,37,-8.453151679
니카라과,2010,1503.864191,61,7.83,12.06564481,16.31559833,28,42,-8.874713834
니카라과,2011,1655.802946,55.7,6.45,11.50178429,8.25657638,38,42,-11.90780349
니카라과,2012,1760.460308,53.2,5.21,6.78733516,12.39657503,37,43,-11.72426154
니카라과,2013,1811.636803,52.7,5.28,2.350523731,3.817038748,38,44,-12.5685387
니카라과,2014,1934.062922,48.8,4.52,3.09274312,6.448124575,43,38,-8.02832619
니카라과,2015,2049.851666,45.1,4.7,12.00174792,-0.985400401,43,39,-9.873237985
니카라과,2016,2107.57406,44.6,3.9,4.068633272,4.596420772,44,32,-8.483312541
니카라과,2017,2159.156714,47.1,3.3,3.300760397,10.13130053,44,27,-7.16022656
니카라과,2018,2014.575189,53.1,5.2,-15.09834397,-1.617192371,15,25,-1.797279755
니카라과,2019,1926.699694,56.8,5.14,-3.85923503,5.581852513,14,25,5.979596598
니카라과,2020,1905.261152,64.8,5.82,0.996530026,-8.7557265,23,27,7.588635198
대한민국,2005,19402.50263,26.959,3.7,7.752680137,7.899183358,63,72,1.305870789
대한민국,2006,21743.47745,29.272,3.5,12.47189567,12.0450939,59,73,0.198895401
대한민국,2007,24086.41044,28.651,3.2,11.38314294,12.6039353,65,78,0.893090073
대한민국,2008,21350.42798,28.162,3.2,3.263048751,7.602162005,58,74,0.167376559
대한민국,2009,19143.85161,31.38,3.6,-6.907621961,-0.456772389,61,75,3.505258198
대한민국,2010,23087.22564,30.825,3.7,17.50976276,13.02782154,55,79,2.443082516
대한민국,2011,25096.26388,31.5,3.4,14.5120282,15.41719971,61,80,1.327632784
대한민국,2012,25466.76052,32.2,3.2,2.567590928,5.793410763,55,77,3.816453798
대한민국,2013,27182.73431,35.4,3.1,1.639916119,3.820237448,57,80,5.636064381
대한민국,2014,29249.57522,37.3,3.5,1.263177947,2.095563279,50,83,5.593787026
대한민국,2015,28732.23108,39.5,3.55,2.112654337,0.234197142,54,83,7.171545825
대한민국,2016,29288.87044,39.9,3.65,5.174639537,2.372289067,52,84,6.527761018
대한민국,2017,31616.8434,36.3,3.65,8.856982109,2.480344938,60,82,4.632725578
대한민국,2018,33422.94421,36.6,3.82,1.712882232,3.975936885,66,83,4.49121355
대한민국,2019,31936.79635,36.4,3.75,-1.909360168,0.238336269,64,82,3.61361701
대한민국,2020,31631.46945,42.6,4.07,-3.329589573,-1.841543404,63,81,4.595878436
덴마크,2005,48799.8256,37.4,4.83,11.40134821,7.820181003,85,98,4.162095985
덴마크,2006,52026.99951,31.5,3.9,13.96515649,10.33762146,85,99,3.344701402
덴마크,2007,58487.05497,27.3,3.8,5.837965767,3.653556939,91,100,1.515705688
덴마크,2008,64322.0635,33.3,3.68,4.770228409,3.872017151,86,99,2.946877469
덴마크,2009,58163.27688,40.2,6.41,-11.94357904,-9.224390015,85,100,3.524908301
덴마크,2010,58041.39844,42.6,7.75,0.54066457,2.940134566,86,100,6.537677019
덴마크,2011,61753.64713,46.1,7.77,7.443614298,7.194875948,87,100,6.593530929
덴마크,2012,58507.50805,44.9,7.8,2.708967023,1.1622057,76,98,6.254334947
덴마크,2013,61191.1937,44,7.38,1.4706544,1.611400127,80,98,7.766838829
덴마크,2014,62548.98473,44.3,6.93,3.896705272,3.12885309,79,94,8.882124143
덴마크,2015,53254.85637,39.8,6.28,4.560764216,3.577370534,77,95,8.244292051
덴마크,2016,54663.99837,37.2,5.99,3.662224686,4.111477232,75,92,7.76485064
덴마크,2017,57610.09818,35.9,5.83,4.183152079,4.813618339,76,92,8.049506064
덴마크,2018,61591.92887,34,5.13,5.092489123,3.352475503,82,94,7.21946482
덴마크,2019,59775.7351,33.6,5.02,2.956109752,5.02855998,83,92,8.789857397
덴마크,2020,61063.31643,42.1,5.66,-4.079736658,-7.006719859,82,98,8.130689821
도미니카 공화국,2005,3932.784407,32.49,6.59,8.719201651,-3.487512531,38,42,-1.321805808
도미니카 공화국,2006,4109.033591,34.31,5.66,6.040604375,-1.326232129,42,47,-3.398665316
도미니카 공화국,2007,4707.795052,31.16,5.16,4.558695867,1.067497311,40,48,-4.927281478
도미니카 공화국,2008,5087.983213,32.03,4.76,5.481665147,-4.617873407,43,49,-9.392063108
도미니카 공화국,2009,5039.403122,36.37,5.47,-10.52602626,-8.473314156,45,47,-4.771758586
도미니카 공화국,2010,5555.392014,36.57,5.21,18.70320816,16.06457245,45,49,-7.470269004
도미니카 공화국,2011,5913.426649,37.85,6.09,0.112526633,7.297560975,47,46,-7.511147203
도미니카 공화국,2012,6110.366576,41.27,6.72,1.522897919,5.547130363,55,49,-6.543291722
도미니카 공화국,2013,6238.132367,45.07,7.35,-2.185870441,9.048404258,55,51,-4.096699671
도미니카 공화국,2014,6608.825501,43.61,6.72,4.776261411,8.734873102,51,52,-3.230429856
도미니카 공화국,2015,6921.520594,43.01,7.61,11.02398411,3.067779811,55,53,-1.799062944
도미니카 공화국,2016,7280.88361,45.01,7.28,8.122949235,7.492882514,55,53,-1.076154826
도미니카 공화국,2017,7609.353275,46.51,5.83,-2.975632348,4.854286926,53,52,-0.16637921
도미니카 공화국,2018,8050.644076,47.9,5.86,8.525654374,6.054893507,48,53,-1.544613594
도미니카 공화국,2019,8282.117131,50.53,6.36,5.812880449,1.536547995,47,52,-1.335600001
도미니카 공화국,2020,7268.19691,69.1,8.9,-14.62252152,-30.3186933,52,51,-1.954475005
독일,2005,34507.36881,67.5,11.17,5.964245866,6.686140019,76,92,4.676615153
독일,2006,36323.44774,66.9,10.25,11.15258258,12.29084333,82,94,5.797963632
독일,2007,41587.2129,64.2,8.66,6.205506826,8.886480278,81,95,6.891593293
독일,2008,45427.15168,65.7,7.53,2.301757728,1.940781854,80,92,5.717116407
독일,2009,41485.90165,73.2,7.74,-9.692174183,-14.27874119,77,94,5.919578108
독일,2010,41531.9342,82,6.97,12.8678987,14.40774522,73,94,5.775955592
독일,2011,46644.77603,79.4,5.82,7.325651503,8.34992512,72,93,6.195148896
독일,2012,43858.36306,80.7,5.38,0.101706978,2.905708724,71,92,7.131450215
독일,2013,46285.76407,78.3,5.23,2.675547333,1.004463968,76,92,6.573832379
독일,2014,47959.99327,75.3,4.98,3.92523346,4.795580079,78,94,7.174730247
독일,2015,41086.72967,71.9,4.62,5.797714957,5.440742334,69,94,8.599537034
독일,2016,42107.51727,69,4.12,4.489999664,2.470000127,70,96,8.509883557
독일,2017,44542.2952,64.6,3.75,5.225380758,4.898994739,66,95,7.83692844
독일,2018,47950.18081,61.2,3.38,3.865393361,2.288585141,65,95,7.865774034
독일,2019,46794.89929,58.9,3.14,2.88966725,1.109595063,66,96,7.448014184
독일,2020,46208.42947,68.7,4.31,-8.587233756,-9.319060798,69,93,6.981214121
라트비아,2005,7594.902384,11.9,10.03,17.05520926,23.50455171,71,76,-11.67772242
라트비아,2006,9723.446902,10,7.03,21.87862089,7.542420102,73,79,-20.95754615
라트비아,2007,14113.52913,8.4,6.05,17.4461203,13.85969599,64,81,-20.69530083
라트비아,2008,16467.14369,18.5,7.74,-11.13970326,2.318819237,52,81,-12.50512362
라트비아,2009,12331.92855,36.7,17.52,-30.8944251,-12.87426998,55,79,7.796098722
라트비아,2010,11420.994,47.7,19.48,12.80594883,13.44398035,64,80,1.722691889
라트비아,2011,13338.96224,45.1,16.21,22.78036475,12.60364943,58,79,-3.434097298
라트비아,2012,13847.33794,42.4,15.05,5.247031623,9.497951584,61,80,-3.724985562
라트비아,2013,15007.49186,40.4,11.87,-0.127351229,0.659308622,65,81,-2.784966527
라트비아,2014,15721.45233,41.6,10.85,2.92867042,6.236145802,62,86,-1.691826357
라트비아,2015,13780.91355,37.1,9.87,1.649525067,2.965862818,60,81,-0.608853759
라트비아,2016,14322.02268,40.4,9.64,3.566047288,3.942775797,62,84,1.56400038
라트비아,2017,15656.34749,39,8.72,8.551613062,6.376988928,63,83,1.308258497
라트비아,2018,17856.30712,37.1,7.41,6.434304484,4.463836348,59,84,-0.204685624
라트비아,2019,17926.84159,36.7,6.31,3.010701291,2.09148172,60,84,-0.665205784
라트비아,2020,17726.25294,43.3,8.19,-2.464940996,-2.153327691,60,85,2.913316757
러시아,2005,5323.463083,14.8,7.12,16.59974964,6.500035403,12,51,11.04540057
러시아,2006,6920.189125,9.8,7.06,21.29991173,7.300046539,19,40,9.325459318
러시아,2007,9101.255049,7.2,6,26.19992002,6.299815805,19,43,5.554566422
러시아,2008,11635.27293,6.5,6.21,14.79994182,0.599852686,20,40,6.257977907
러시아,2009,8562.813277,8.3,8.3,-30.40007602,-4.700150122,17,41,4.12087479
러시아,2010,10674.99578,9,7.37,25.79971912,7.000254253,18,41,4.423334469
러시아,2011,14311.08432,9.5,6.54,20.30028168,0.300123459,17,40,4.754519891
러시아,2012,15420.87454,10.5,5.44,9.681343576,1.360421664,21,40,3.227927656
러시아,2013,15974.64463,11.3,5.46,3.539025298,4.561727799,22,40,1.45817187
러시아,2014,14095.64874,14.4,5.16,-7.260442493,0.510432046,15,38,2.792909282
러시아,2015,9313.013625,13.2,5.57,-25.03877488,3.673262303,14,32,4.970892652
러시아,2016,8704.898413,13,5.56,-3.672042601,3.168854896,15,37,1.916436367
러시아,2017,10720.33266,12.6,5.21,17.31519269,5.013643181,24,33,2.044126701
러시아,2018,11287.35528,12,4.85,2.656747628,5.554217178,27,33,6.979898341
러시아,2019,11497.64925,12.4,4.6,3.412168346,0.71607605,26,36,3.875632887
러시아,2020,10126.72179,17.7,5.73,-11.97788781,-4.267932438,21,36,2.426988457
레바논,2005,4575.107459,179,8.27,-5.477837666,4.699767979,18,50,-12.78298304
레바논,2006,4626.853003,183,8.62,-3.331132895,-3.276190245,6,48,-5.069146821
레바논,2007,5207.792723,169.3,8.98,13.58267461,11.64358112,3,47,-6.463750387
레바논,2008,6111.327281,161.5,7.45,14.31616704,8.245171483,5,47,-14.08932249
레바논,2009,7354.953605,144.5,6.36,18.57328319,9.611833876,9,52,-19.04241764
레바논,2010,7761.641489,136.8,6.4,5.890774021,9.864711052,7,54,-19.64433796
레바논,2011,7675.30894,134.4,6.39,-3.033522951,2.605928689,6,52,-13.83406905
레바논,2012,7952.151266,131,6.4,1.562213292,-14.96796843,6,48,-23.42799885
레바논,2013,7933.23332,135.3,6.41,8.754975004,3.438090826,7,49,-25.49553401
레바논,2014,7687.759336,138.3,6.35,0.229524825,-7.011691735,7,46,-26.20904822
레바논,2015,7663.920232,140.8,6.31,8.53478903,10.2307171,7,44,-17.06105821
레바논,2016,7653.73363,146.2,6.26,5.890324247,-1.501587907,8,41,-20.38158584
레바논,2017,7819.60467,149.7,6.18,2.079983224,3.945206225,9,41,-22.75470676
레바논,2018,8058.444337,154.9,6.1,1.186770338,-4.625143007,7,37,-24.18202784
레바논,2019,7578.172368,174.5,6.04,-13.07349708,-2.945619452,7,37,-21.89994711
레바논,2020,4649.547646,171.7,6.61,-50.27589457,-56.73657066,8,29,-9.325051826
루마니아,2005,4617.929016,15.9,7.17,19.74325474,9.20332782,49,59,-8.674771984
루마니아,2006,5757.496429,12.4,7.27,26.67951944,11.77130013,50,65,-10.66616824
루마니아,2007,8360.166321,11.9,6.41,41.29586199,20.89920691,50,67,-13.70351361
루마니아,2008,10435.04398,12.3,5.79,11.19810978,13.75069789,50,68,-11.65864785
루마니아,2009,8548.118672,21.8,6.86,-20.80800085,-5.68382756,57,71,-4.729442642
루마니아,2010,8214.076893,29.6,6.96,12.59776013,15.52420303,54,72,-5.097999956
루마니아,2011,9099.217539,34,7.18,9.721519558,12.11625319,54,74,-5.060115855
루마니아,2012,8507.104775,37.1,6.79,-1.816149964,1.105179726,49,69,-4.805596294
루마니아,2013,9547.852151,37.6,7.1,9.08814857,20.57811662,54,72,-0.958315922
루마니아,2014,10043.67745,39.2,6.8,8.839643777,8.535929879,49,72,-0.28392301
루마니아,2015,8969.148921,37.8,6.81,8.507854673,4.583191799,54,72,-0.785509522
루마니아,2016,9548.587403,37.3,5.9,16.58829673,16.33959231,56,71,-1.596792431
루마니아,2017,10807.00917,35.1,4.93,11.46689188,7.765226199,49,71,-3.110205638
루마니아,2018,12398.98198,34.7,4.19,8.625570484,5.320070845,49,68,-4.61201876
루마니아,2019,12899.34611,35.3,3.91,8.551275179,5.358309736,65,67,-4.876069906
루마니아,2020,12896.08862,47.2,4.84,-5.0877802,-9.692398031,64,64,-5.075313115
룩셈부르크,2005,80957.94128,8,4.49,6.14767862,5.976379671,95,98,6.928424463
룩셈부르크,2006,90712.79929,8.2,4.73,11.49164141,12.92243571,99,97,6.652209053
룩셈부르크,2007,107338.8652,8.1,4.07,2.563602841,5.128287951,99,97,6.555477017
룩셈부르크,2008,119932.2437,14.6,5.06,2.180578269,-0.327642744,100,96,6.244050058
룩셈부르크,2009,108987.6776,15.3,5.12,-9.073442642,-7.24332805,99,95,5.538071594
룩셈부르크,2010,110777.9079,19.1,4.36,14.25311677,10.15632439,99,96,5.819976748
룩셈부르크,2011,118869.2999,18.5,4.9,6.745900027,4.388150504,96,99,5.636912248
룩셈부르크,2012,112591.1162,20.9,5.14,1.760359091,1.618923306,96,97,5.255124367
룩셈부르크,2013,119966.0349,22.4,5.85,6.229425302,6.316169227,95,97,5.20502786
룩셈부르크,2014,123514.1967,21.9,5.85,8.236166684,6.516140792,98,92,4.935137727
룩셈부르크,2015,105419.6085,21.1,6.67,5.707649672,5.139412088,98,93,4.864362749
룩셈부르크,2016,106826.7264,19.6,6.29,3.751992726,5.308806701,98,94,4.722503115
룩셈부르크,2017,109921.0314,21.8,5.52,0.75352596,-0.226858073,95,94,4.551914476
룩셈부르크,2018,117197.4817,20.8,5.59,3.223378216,3.582384285,96,95,4.56922996
룩셈부르크,2019,113218.7133,22.3,5.6,6.856885005,5.791559454,95,95,4.709024228
룩셈부르크,2020,116014.6025,24.8,6.96,1.585793733,1.252573218,94,99,4.021818776
리투아니아,2005,7854.765279,17.6,8.33,19.65934337,19.84298986,69,78,-7.339397194
리투아니아,2006,9230.707981,17.3,5.78,14.3023996,12.80725643,75,78,-10.65995297
리투아니아,2007,12285.44705,15.9,4.25,10.64759786,3.193201983,76,83,-15.35688683
리투아니아,2008,14944.99665,14.6,5.83,10.82030545,11.6176214,71,83,-13.59613559
리투아니아,2009,11820.77616,28,13.79,-28.65375726,-13.67587647,69,78,2.250970357
리투아니아,2010,11987.50841,36.2,17.81,16.8107196,16.38173229,71,79,0.195344888
리투아니아,2011,14376.94786,37.1,15.39,14.21742908,14.54686716,69,79,-3.657387213
리투아니아,2012,14367.70942,39.7,13.37,5.169698869,10.84752963,73,83,-1.598675392
리투아니아,2013,15729.65247,38.7,11.77,5.811388557,7.26975493,81,85,1.699407505
리투아니아,2014,16551.0182,40.5,10.7,-1.67203193,-1.822678301,70,86,3.405202182
리투아니아,2015,14258.22933,42.5,9.12,9.353105141,2.420694958,71,87,-2.448328234
리투아니아,2016,14998.12506,39.7,7.86,4.041578274,4.927170944,74,85,-1.102176895
리투아니아,2017,16843.69965,39.1,7.07,11.14062313,13.52113524,73,83,0.63866203
리투아니아,2018,19176.81215,33.7,6.15,6.019045763,6.805951937,70,82,0.233526251
리투아니아,2019,19575.76848,35.9,6.26,6.056449192,9.927822371,74,83,3.464197201
리투아니아,2020,20233.64135,46.6,8.43,-4.380181648,0.434039735,75,83,7.360282752
말레이시아,2005,5587.02478,42.1,3.53,8.910841266,8.301906704,65,69,13.9199995
말레이시아,2006,6209.126167,40.6,3.32,8.170059537,6.682157559,54,67,16.1038232
말레이시아,2007,7243.456801,40.1,3.23,6.025964369,4.428579631,49,67,15.38125957
말레이시아,2008,8474.587762,39.8,3.34,2.339213092,1.573082929,49,61,16.85962992
말레이시아,2009,7292.494973,50.8,3.69,-12.73144562,-10.87841744,43,62,15.72299714
말레이시아,2010,9040.568495,49.6,3.25,15.52270283,10.41906977,51,70,10.05571843
말레이시아,2011,10399.37021,50,3.05,6.310246054,4.179392921,49,71,10.90499128
말레이시아,2012,10817.43171,51.6,3.04,2.912051496,-1.741856306,44,70,5.18877827
말레이시아,2013,10970.1043,53,3.11,1.723894786,0.259247755,47,73,3.466133636
말레이시아,2014,11319.06194,52.7,2.88,3.989014315,5.040280764,58,76,4.391645334
말레이시아,2015,9955.242722,53.6,3.1,0.803167934,0.252695295,57,74,3.008923124
말레이시아,2016,9817.78709,51.9,3.44,1.434147644,1.319478907,50,75,2.36769105
말레이시아,2017,10259.30481,50,3.41,10.19179986,8.682999815,51,75,2.807844141
말레이시아,2018,11380.08209,51.2,3.3,1.488265156,1.93299044,55,75,2.237064873
말레이시아,2019,11432.823,52.5,3.31,-2.388044357,-1.044745773,54,74,3.502941253
말레이시아,2020,10412.34898,60.7,4.55,-8.386124577,-8.898892691,51,74,4.255569104
멕시코,2005,8277.671564,20.5,3.56,5.379141883,6.314580455,33,58,-1.031732217
멕시코,2006,9068.294218,18.7,3.57,8.685599241,7.811456749,27,63,-0.364106153
멕시코,2007,9642.680517,17.9,3.63,4.826423036,1.974058854,24,64,-0.940203488
멕시코,2008,10016.57121,21,3.87,3.281476563,-1.01744059,19,63,-1.514311355
멕시코,2009,8002.972178,31.2,5.36,-15.94898539,-10.85494719,22,58,-0.861861943
멕시코,2010,9271.398396,31.5,5.3,17.05531082,22.36240871,23,58,-0.456605033
멕시코,2011,10203.4213,33.1,5.17,5.618029808,7.713476027,26,58,-1.007403502
멕시코,2012,10241.72783,33.8,4.89,5.416564974,6.524536974,25,68,-1.5519212
멕시코,2013,10725.18359,36.5,4.91,2.118308623,1.37052225,23,67,-2.473243346
멕시코,2014,10928.91601,39.7,4.81,5.92076125,6.982396407,18,67,-1.933815394
멕시코,2015,9616.645558,43.9,4.31,5.921772861,8.414396545,21,65,-2.65218497
멕시코,2016,8744.515559,48.2,3.86,2.853234338,3.582349651,24,64,-2.262245283
멕시코,2017,9287.849587,46,3.42,6.360416243,4.162021335,18,64,-1.761847828
멕시코,2018,9686.984927,46,3.28,6.429857585,6.003685777,23,61,-2.053354302
멕시코,2019,9950.45008,45.1,3.48,-0.725802547,1.480122378,19,60,-0.310753404
멕시코,2020,8329.271313,52.1,4.71,-14.55673389,-7.298628312,18,55,2.432445743
모로코,2005,2018.025547,61.6,11.01,9.636130512,13.35094643,29,40,1.669099819
모로코,2006,2196.011276,56.8,9.67,8.240062632,11.85633252,31,50,2.055969595
모로코,2007,2499.259938,52,9.56,15.01705389,5.205210533,28,49,-0.154395843
모로코,2008,2890.360715,45.4,9.57,13.84799871,-2.480992754,26,49,-4.89526691
모로코,2009,2866.92411,46.1,8.96,-8.36413106,-9.181371915,31,52,-5.351425243
모로코,2010,2839.92612,49,9.09,7.828034296,17.85123022,33,51,-4.210798236
모로코,2011,3046.947854,52.5,8.91,9.075178618,5.610735931,34,50,-7.891448154
모로코,2012,2912.658275,58.2,8.99,3.349624738,2.653153737,33,50,-9.74013167
모로코,2013,3121.680081,61.7,9.23,-0.071429074,-0.01958396,29,48,-7.342825112
모로코,2014,3171.699192,63.4,9.7,3.828573454,9.009302869,30,50,-5.993088732
모로코,2015,2875.257985,63.7,9.46,-1.063686962,5.48544147,34,49,-2.135501854
모로코,2016,2896.722196,64.9,9.3,14.45761202,5.975095559,34,45,-4.045690507
모로코,2017,3035.454433,65.1,9.19,7.912909362,11.05229397,31,45,-3.35262906
모로코,2018,3226.982794,65.2,9.08,7.41951118,6.042870203,35,42,-5.254366713
모로코,2019,3230.409722,64.8,9.01,3.360074809,6.228683617,33,46,-3.676269123
모로코,2020,3009.24946,76.4,10.15,-12.17071372,-14.31997494,35,49,-1.423706851
모리셔스,2005,5282.906022,58.5,9.52,10.04096636,13.54623162,82,64,-4.99250943
모리셔스,2006,5695.969327,57.9,9.04,12.58948532,4.788438572,71,67,-8.599049466
모리셔스,2007,6574.654338,55.7,8.48,2.66724634,1.465061188,78,68,-5.324264633
모리셔스,2008,8030.063005,48.6,7.17,1.392628974,3.024585132,77,75,-9.767046627
모리셔스,2009,7318.12641,59.6,7.26,-10.92401608,-1.661360909,71,76,-7.174749741
모리셔스,2010,8000.376432,57.4,7.65,9.230019602,14.06831602,67,77,-10.05404476
모리셔스,2011,9197.026972,57.3,7.45,6.228937235,5.24563567,76,76,-13.54615245
모리셔스,2012,9291.227619,57.9,7.47,1.379477443,3.573219496,80,80,-7.091733489
모리셔스,2013,9637.00265,57.5,7.32,-0.527681655,-5.929862591,78,80,-6.18547071
모리셔스,2014,10153.93822,59.8,7.47,3.561067767,6.301456106,68,84,-5.389414388
모리셔스,2015,9260.447303,62.9,7.41,8.521012115,1.849886077,85,82,-3.566320387
모리셔스,2016,9681.618567,65,6.81,2.61342343,-3.469669198,86,82,-4.016782974
모리셔스,2017,10484.90836,64.8,6.75,2.202633993,-0.969130991,81,81,-4.617325403
모리셔스,2018,11208.34382,63.4,6.43,-0.22246562,2.725529153,79,82,-3.916195842
모리셔스,2019,11097.16898,58.7,6.36,2.116530955,-4.208318838,75,79,-5.115372807
모리셔스,2020,8627.843157,73.4,7.11,-28.92168889,-38.04262468,78,84,-12.58164827
모잠비크,2005,416.8098242,81,3.01,5.551804736,6.159949333,50,25,-8.904077435
모잠비크,2006,435.3340633,53.6,2.97,1.135390931,12.44177628,62,30,-8.231856412
모잠비크,2007,482.1985636,41.9,2.94,12.98185602,15.71237799,56,31,-7.522805637
모잠비크,2008,563.6496343,42.1,2.95,16.10671214,6.79942942,57,36,-9.136548474
모잠비크,2009,520.4026316,41.1,3.17,12.73469796,15.42093834,69,38,-10.29158173
모잠비크,2010,471.9043433,41.8,3.25,1.892331657,1.511132843,58,38,-15.12376453
모잠비크,2011,594.5861471,37.5,3.3,26.70332451,16.94156782,58,36,-23.1467494
모잠비크,2012,657.6446765,41.1,3.35,66.89324344,9.736090408,59,36,-41.52687077
모잠비크,2013,664.0775104,46.9,3.41,10.41735452,1.769966897,38,37,-36.84062767
모잠비크,2014,673.969212,55.4,3.41,11.77721008,24.0667862,32,37,-32.72249956
모잠비크,2015,589.85905,88.1,3.43,-17.26278796,-6.718338992,28,35,-37.4137163
모잠비크,2016,428.9266729,106.6,3.38,7.958809401,-6.071784635,13,25,-32.21915195
모잠비크,2017,461.4150941,110.4,3.31,-12.89734709,3.890240361,15,25,-19.55919041
모잠비크,2018,503.3179252,110,3.24,43.4337616,47.8820733,18,23,-27.74972532
모잠비크,2019,506.6416391,108.4,3.19,-1.482762721,-9.460270302,20,23,-19.64514616
모잠비크,2020,448.5442807,122,3.39,-0.405374996,-14.95547919,13,25,-26.9566939
몰도바,2005,1034.707058,34.81,7.29,23.42861487,14.66352171,34,37,-7.556346744
몰도바,2006,1183.379211,31.05,7.38,9.093538184,1.094818293,32,43,-11.33780145
몰도바,2007,1531.685476,24.65,5.07,14.57723356,10.51037739,43,45,-15.24815065
몰도바,2008,2111.201495,19.27,3.98,2.856240236,3.404064968,36,50,-16.11220788
몰도바,2009,1899.010117,29.12,6.4,-23.55786403,-12.09501338,26,49,-8.919881509
몰도바,2010,2437.529978,26.54,7.45,14.25685628,13.72719741,33,49,-6.902817027
몰도바,2011,2942.255949,23.4,6.68,22.36346674,29.82867546,45,51,-10.12499907
몰도바,2012,3045.739874,24.1,5.58,2.733941458,-0.112052804,47,49,-7.390145687
몰도바,2013,3322.038436,23.4,5.1,5.589839691,12.65012503,46,50,-5.162959658
몰도바,2014,3328.801449,24.5,3.86,3.090794067,0.935585512,39,54,-5.975677133
몰도바,2015,2732.457113,27.3,3.69,-5.773639176,2.570783947,35,51,-5.975805764
몰도바,2016,2880.439281,31.6,4.19,2.809124912,9.751599606,35,50,-3.573322125
몰도바,2017,3509.69345,28.9,4.1,11.00018227,10.85668197,33,54,-5.743575857
몰도바,2018,4230.363037,27,4.11,9.729986641,7.188652745,31,54,-10.5778016
몰도바,2019,4491.688827,25,5.1,6.191673706,8.206405671,31,56,-9.286034054
몰도바,2020,4547.059721,34,4.71,-8.917729315,-15.47017136,33,54,-7.490288829
몰타,2005,15888.17232,69.9,6.92,7.697497788,4.187502345,97,79,-6.512771562
몰타,2006,16723.88418,64.3,6.8,16.82705663,21.73141586,93,84,-7.829374124
몰타,2007,19485.87119,61.9,6.47,7.931956714,10.3192127,95,85,-2.009232441
몰타,2008,22205.35681,61.8,5.98,17.53695493,19.47075646,95,86,-0.846631338
몰타,2009,21083.27715,66.3,6.89,-1.07883029,-0.415101194,93,89,-6.414108238
몰타,2010,21799.17426,65.5,6.85,8.217476067,8.20508381,92,91,-4.644817612
몰타,2011,23155.55479,70,6.38,3.792658329,5.272314275,85,89,-0.134965149
몰타,2012,22527.63676,66.6,6.2,3.772724186,5.466165943,87,89,1.598090118
몰타,2013,24771.07658,66.4,6.11,-1.246402913,0.949293114,84,88,2.561815128
몰타,2014,26754.26845,62.1,5.73,0.898493154,3.450439325,90,82,8.530054195
몰타,2015,24921.60368,56.2,5.38,19.26617592,15.43830901,89,85,2.70968113
몰타,2016,25741.44606,54.7,4.69,0.993564471,1.78927344,90,85,-0.566135914
몰타,2017,28250.69777,47.7,4,4.549732331,8.441679872,94,88,6.070928095
몰타,2018,30672.29224,43.7,3.66,0.421954549,-0.436454229,94,88,6.62291416
몰타,2019,30186.19596,40.7,3.4,7.87024125,6.405907978,84,77,5.538217813
몰타,2020,27884.64283,53.4,4.09,-4.110612773,-7.825993149,83,86,-2.929783766
미국,2005,44114.74778,61.6,5.08,6.49129725,6.941598526,44,96,-5.747109583
미국,2006,46298.73144,62,4.62,6.420258991,9.465440206,61,96,-5.911436634
미국,2007,47975.9677,62.6,4.62,2.563261699,8.759206634,57,92,-5.096603956
미국,2008,48382.55845,67.7,5.78,-2.14705045,5.781700556,67,93,-4.734135671
미국,2009,47099.98047,82.3,9.25,-12.60976747,-8.294352763,62,90,-2.628124854
미국,2010,48466.6576,91.2,9.63,13.17348845,12.88280384,61,92,-2.881540026
미국,2011,49882.55813,95.8,8.95,4.816005953,7.166455476,64,92,-2.929352576
미국,2012,51602.93105,100,8.07,2.448001281,4.013503863,66,88,-2.58141514
미국,2013,53106.53677,100.7,7.38,1.213006701,2.97141182,67,87,-2.022389335
미국,2014,55049.98833,102.6,6.17,5.160460048,3.883653747,66,89,-2.110883463
미국,2015,56863.3715,100.1,5.28,5.186371625,0.271088945,67,86,-2.241897475
미국,2016,58021.4005,105.2,4.87,1.451672898,0.405260836,60,92,-2.120946358
미국,2017,60109.65573,104.6,4.36,4.443651754,4.077911354,57,93,-1.85080277
미국,2018,63064.41841,105.4,3.9,4.09929004,2.811103287,60,93,-2.126159309
미국,2019,65279.52903,106.8,3.67,1.150686024,-0.065189499,53,89,-2.202864976
미국,2020,63413.51386,128.1,8.31,-8.931711602,-13.56281478,46,88,-2.948667032
바하마,2005,30279.39221,39.7,10.2,14.27794929,-2.140177555,78,80,-7.123050284
바하마,2006,30713.79806,39.7,7.54,12.20811409,1.944134018,72,81,-13.80619145
바하마,2007,31472.28554,41,7.88,-3.684195711,-1.425616296,71,82,-12.3851568
바하마,2008,30627.32775,39,8.18,-5.897390494,-2.201162868,73,82,-11.61008929
바하마,2009,28552.51716,50.7,14.25,-12.20877019,-3.176243231,78,74,-8.104420374
바하마,2010,28443.88848,54.3,14.33,-0.3916354,1.274627986,84,69,-8.063216637
바하마,2011,28005.9124,55,14.52,7.465524049,6.282057,88,70,-11.94727147
바하마,2012,29485.86422,60.8,14.02,-3.875373735,7.205092427,91,64,-14.03668112
바하마,2013,28583.0233,66.3,16.18,1.243965725,0.86729314,91,57,-14.23518762
바하마,2014,30065.1602,73.7,13.8,4.831628108,-5.445950404,79,57,-16.91914323
바하마,2015,31776.05559,59.3,12,-5.936669931,1.393153514,77,58,-10.118626
바하마,2016,31732.91914,59.6,12.7,6.707788919,-4.346693113,81,63,-5.926867582
바하마,2017,32376.50917,64.9,9.8,8.028847888,-2.554452041,83,59,-12.74016395
바하마,2018,33290.02814,66.4,10,-0.674626047,11.71901082,78,62,-8.687421682
바하마,2019,33799.41769,62.3,10.11,-4.353018398,-1.832834066,75,53,3.998060608
바하마,2020,25194.02514,83.8,14.41,-43.92513684,-43.74163179,74,53,-20.84186021
베넹,2005,822.7851431,40,0.8,-4.408372584,10.03276098,60,26,-3.443766666
베넹,2006,856.0549166,14.9,0.81,7.42446225,-0.295107913,63,38,-3.087786943
베넹,2007,966.2036183,10.5,0.82,30.30217983,27.23490038,58,35,-6.546219142
베넹,2008,1125.426134,13,0.85,4.21380628,10.09265441,57,35,-5.498621586
베넹,2009,1088.757906,13.8,0.97,4.741797402,-4.864682634,60,40,-6.690331484
베넹,2010,1036.534515,16.9,1.04,7.34962107,4.797788941,54,41,-5.567234574
베넹,2011,1130.273251,16.6,2.65,-4.566596877,-9.710690975,57,40,-4.833286005
베넹,2012,1145.140105,15.3,2.65,11.36228946,24.09569718,58,39,-5.178326457
베넹,2013,1251.209767,16.7,2.66,30.77100511,22.73221851,58,37,-5.379255159
베넹,2014,1291.410185,19.8,2.61,14.69169589,24.94269045,47,31,-6.670114378
베넹,2015,1076.796698,21.3,2.57,-0.967773147,-20.09590702,45,31,-5.964093191
베넹,2016,1087.287331,22.4,2.52,3.30332906,13.48128014,47,30,-2.996694473
베넹,2017,1136.593872,23.1,2.44,14.32323235,7,47,33,-4.18079
베넹,2018,1241.825298,19.3,2.37,4.838686171,5,41,39,-4.548882637
베넹,2019,1219.515506,41.4,2.32,3.393947941,8.614557869,31,38,-4.033965626
베넹,2020,1291.040972,46.1,2.54,-19.79280491,-24.96500563,30,39,
베트남,2005,687.4797274,28.7,2.13,14.17610403,17.77593763,62,29,-0.971989165
베트남,2006,784.3723759,30.2,2.08,11.98845615,11.19998643,58,28,-0.246704374
베트남,2007,906.2842299,32.2,2.03,26.93158913,12.50004237,52,30,-8.981659364
베트남,2008,1149.424495,31,1.8,15.0112732,13.69996851,50,30,-10.91795299
베트남,2009,1217.268583,36.3,1.74,-6.820987528,-5.085057934,53,28,-6.233100228
베트남,2010,1317.890646,36.8,1.11,8.222827565,8.449995219,52,29,-3.688377007
베트남,2011,1525.119025,35.8,1,4.096419624,10.78445555,54,30,0.174119063
베트남,2012,1735.152116,38.3,1.03,9.094775673,15.70910733,56,28,6.051212863
베트남,2013,1886.69017,41.4,1.32,17.34446802,17.37402956,57,28,4.523366661
베트남,2014,2030.278447,43.6,1.26,12.80465402,11.56011262,44,31,5.026190191
베트남,2015,2085.101349,46.1,1.85,18.11578428,12.64370486,50,36,-1.056193485
베트남,2016,2192.174482,47.6,1.85,15.28532206,13.86336288,55,35,0.304467875
베트남,2017,2365.521615,46.3,1.87,17.49966061,16.73516917,55,36,-0.736884882
베트남,2018,2566.447487,43.6,1.16,12.80720246,14.26553329,50,38,2.40580087
베트남,2019,2715.27598,43.5,2.04,9.496211391,6.711793126,48,42,5.00197951
베트남,2020,2785.724161,46.7,2.27,3.359594671,4.974834824,45,47,5.519651118
벨기에,2005,36795.97688,95.1,8.44,6.426575906,5.511088341,70,87,1.997297739
벨기에,2006,38672.70594,91.5,8.25,5.141851248,5.700622512,74,89,1.851839537
벨기에,2007,44262.896,87.3,7.46,5.579332627,5.436045383,72,91,1.497593782
벨기에,2008,48106.89292,93.2,6.98,3.805004936,1.807624091,68,91,-0.834631875
벨기에,2009,44583.54481,100.2,7.91,-10.85888872,-11.27529437,75,88,1.823502187
벨기에,2010,44141.87814,100.3,8.29,9.687970264,10.4390846,74,86,1.525710103
벨기에,2011,47348.52502,103.5,7.14,5.625029754,4.631280749,78,87,-1.945673892
벨기에,2012,44673.11588,104.8,7.54,-0.674804751,-0.486850565,76,87,-0.083359982
벨기에,2013,46744.66254,105.5,8.43,-0.213858263,0.3526553,78,88,0.973644247
벨기에,2014,47700.54036,107,8.52,5.528272669,5.196763688,70,85,0.755869018
벨기에,2015,40991.80814,105.2,8.48,3.913671554,3.721674669,65,88,1.376879339
벨기에,2016,41984.10303,105,7.83,7.451584446,6.201858824,62,88,0.556354839
벨기에,2017,44089.31009,102,7.09,5.219110728,5.470995121,62,87,0.701503697
벨기에,2018,47519.5531,99.8,5.95,1.377250634,0.600339794,59,87,-0.784246101
벨기에,2019,46591.49161,97.7,5.36,1.648974544,1.985267471,61,88,0.155377133
벨기에,2020,45159.34822,112.8,6.01,-5.944309379,-5.459022175,65,89,0.828513847
벨리즈,2005,3885.034074,87.1,10.91,6.655727352,10.32246011,49,54,-13.71539766
벨리즈,2006,4155.323885,81,9.39,0.462336669,23.31112131,49,42,-2.096803483
벨리즈,2007,4252.395404,75.4,8.51,0.356515943,-13.48171324,50,38,-4.096420009
벨리즈,2008,4404.308198,70,8.18,13.18976433,4.010810714,51,37,-10.72101685
벨리즈,2009,4186.519998,76.1,8.43,-21.34793624,-9.766029568,45,37,-6.288479027
벨리즈,2010,4270.780085,72.5,8.45,10.85679546,14.01286479,49,37,-3.321044406
벨리즈,2011,4423.496842,68.8,8.4,12.15445746,2.85818917,52,35,-1.365614511
벨리즈,2012,4505.600593,64.4,8.38,1.743889047,6.160448258,52,35,-2.174349864
벨리즈,2013,4568.641228,68.7,8.35,10.5175513,3.754360928,54,34,-4.595778164
벨리즈,2014,4718.436581,67.6,8.24,3.484993706,-1.436026164,48,33,-8.148417578
벨리즈,2015,4770.232656,68.5,7.58,9.572144625,-0.701714891,49,36,-10.14900666
벨리즈,2016,4856.973249,67.3,7,1.591693317,-9.534150072,49,31,-9.135188621
벨리즈,2017,4945.857699,67.6,6.6,-0.611793922,6.138952056,48,31,-8.503228779
벨리즈,2018,5001.422157,67,6.52,-4.314701586,7.508640392,46,27,-7.870683062
벨리즈,2019,5078.809944,66.3,6.46,3.769185618,-7.045416006,50,32,-9.313693713
벨리즈,2020,4115.177008,84.8,7.82,-12.93315101,-14.08086859,62,34,-7.817716095
보스니아 헤르체고비나,2005,2980.601268,24.6,30.4,10.43013686,15.72809481,31,30,-16.4341607
보스니아 헤르체고비나,2006,3416.512376,20.3,31.11,-0.300998077,18.772041,31,35,-7.758525171
보스니아 헤르체고비나,2007,4193.368011,17.6,28.98,17.57704362,12.38160399,25,46,-9.190408285
보스니아 헤르체고비나,2008,5090.945834,16.6,23.41,10.13150195,1.145217854,28,51,-13.83284126
보스니아 헤르체고비나,2009,4714.693746,21.1,24.07,-14.34320718,-3.176011111,24,51,-6.445248218
보스니아 헤르체고비나,2010,4635.510195,24.8,27.31,2.478604493,13.90052379,25,50,-6.000301468
보스니아 헤르체고비나,2011,5092.554723,25.4,27.58,2.916523814,4.644009558,20,53,-9.47895016
보스니아 헤르체고비나,2012,4777.066914,27.5,28.01,0.615156574,0.107439302,28,52,-8.62872691
보스니아 헤르체고비나,2013,5129.663534,28.2,27.49,-0.05610206,7.856493015,34,52,-5.327843229
보스니아 헤르체고비나,2014,5330.355075,30.9,27.52,7.575608997,4.163053111,45,51,-7.350015706
보스니아 헤르체고비나,2015,4729.689959,30.4,27.69,1.782179884,9.782805636,32,48,-5.092692068
보스니아 헤르체고비나,2016,4994.971551,29.7,25.41,7.194777696,9.367880373,31,49,-4.75496264
보스니아 헤르체고비나,2017,5394.268944,26,20.53,7.65117798,11.82100482,32,48,-4.844149458
보스니아 헤르체고비나,2018,6070.349081,24.5,18.4,3.889570055,7.044894237,32,45,-3.279727822
보스니아 헤르체고비나,2019,6119.762345,23.1,15.69,1.305138979,0.424666726,30,47,-2.799283369
보스니아 헤르체고비나,2020,6079.738285,25.5,16.85,-13.59195505,-15.95602627,28,42,-3.768611427
보츠와나,2005,5513.331063,7.37,19.77,-4.935680954,18.19076787,83,71,16.10571085
보츠와나,2006,5521.990608,5.98,17.78,0.044156863,3.132851187,82,66,19.24050851
보츠와나,2007,5832.737052,8.21,17,24.95538357,8.481353688,86,66,15.12299707
보츠와나,2008,5713.543931,7.59,16.35,17.54353692,-2.479829693,85,65,1.366182842
보츠와나,2009,5255.776533,19.3,16.17,-10.88363613,-37.67059832,83,66,-6.313177961
보츠와나,2010,6434.812485,21.1,17.86,6.480639377,16.02382391,83,66,-5.819610547
보츠와나,2011,7617.310041,26.8,17.85,19.22489852,27.54594654,85,68,-0.859261696
보츠와나,2012,7050.573472,27.5,17.86,32.07774739,17.84065593,89,73,-5.708047963
보츠와나,2013,7224.912737,26.5,17.88,10.01387412,37.80249435,88,69,4.339182486
보츠와나,2014,7495.220866,23,17.78,3.503533277,3.738438645,84,72,10.94445337
보츠와나,2015,6402.910183,22.4,17.71,5.836132691,-7.360134472,88,68,2.218312609
보츠와나,2016,6982.917492,23.6,17.62,-20.92169495,-8.36839597,83,70,7.973028472
보츠와나,2017,7296.092142,21.1,17.46,-12.94885875,-5.457451192,86,70,5.591613591
보츠와나,2018,7503.878588,18.1,17.32,15.91676837,11.88245591,83,68,0.395680673
보츠와나,2019,7203.064221,17.8,17.21,11.9391547,-7.090920194,91,66,-7.058895933
보츠와나,2020,6404.899932,18.2,17.7,5.15549992,-18.08426731,89,65,-10.75336798
사우디 아라비아,2005,13791.45476,37.35,6.05,28.58294476,6.701299876,39,57,27.3976503
사우디 아라비아,2006,15384.73836,25.83,6.25,34.98175579,2.195686389,29,53,26.24940418
사우디 아라비아,2007,16516.63178,17.11,5.73,23.14226057,0.188959182,29,54,22.43687493
사우디 아라비아,2008,20078.26007,12.06,5.08,10.50843755,-1.187134452,32,55,25.45652985
사우디 아라비아,2009,16113.14371,13.99,5.38,-6.34847907,-10.7209086,29,57,4.883410282
사우디 아라비아,2010,19262.5476,8.4,5.55,6.565098604,4.353897728,37,56,12.63727098
사우디 아라비아,2011,23745.88058,5.4,5.77,5.469495454,10.16626418,31,54,23.61979188
사우디 아라비아,2012,25243.602,3.1,5.52,7.65646286,3.387546659,32,56,22.3871308
사우디 아라비아,2013,24845.12466,2.1,5.57,3.655080964,0.178507248,33,55,18.1400817
사우디 아라비아,2014,24464.21256,1.6,5.72,6.633337652,-1.85492305,36,54,9.751857003
사우디 아라비아,2015,20627.92693,5.8,5.59,-1.152080936,0.687384458,24,54,-8.669784327
사우디 아라비아,2016,19878.76384,13.1,5.65,-18.22358745,7.997813654,28,56,-3.696920282
사우디 아라비아,2017,20802.46631,17.2,5.89,0.342108902,-3.07732682,24,55,1.519677738
사우디 아라비아,2018,23337.01755,19,6.04,2.614443234,7.159739743,25,52,9.150650134
사우디 아라비아,2019,23139.79798,22.8,6.13,9.580893195,-4.996865302,24,52,4.821118706
사우디 아라비아,2020,20110.31619,32.5,8.22,-25.15515273,-10.78183829,23,62,-3.080244416
세르비아,2005,3720.479155,47.6,20.85,-4.022630627,17.37590977,25,29,
세르비아,2006,4382.617279,33.9,20.85,19.01757456,7.25416747,29,36,
세르비아,2007,5848.476405,27.9,18.06,21.41600365,3.769881355,26,42,-17.4283931
세르비아,2008,7101.040141,26.8,13.71,10.08222952,12.55581843,27,46,-20.18844082
세르비아,2009,6169.114195,30.9,16.14,-21.88628184,-11.52931884,29,50,-6.198542271
세르비아,2010,5735.422857,39.5,19.22,-0.072548705,16.85527418,31,53,-6.437775563
세르비아,2011,6809.159804,42.8,22.97,7.165553517,5.628844534,37,53,-10.32970954
세르비아,2012,6015.945228,52.9,24,-0.620763861,2.856856228,39,51,-10.91352896
세르비아,2013,6755.073675,56,22.15,6.476841859,18.04798255,43,52,-5.773766122
세르비아,2014,6600.056809,66.2,19.22,5.090113537,4.311478393,53,56,-5.598307343
세르비아,2015,5588.980728,70,17.66,3.963023927,9.275844757,55,57,-3.455151825
세르비아,2016,5765.200762,67.7,15.26,7.026854663,12.00700911,50,55,-2.924418122
세르비아,2017,6292.543629,57.8,13.48,11.08830717,8.230865447,50,55,-5.257539458
세르비아,2018,7252.401858,53.6,12.73,10.78964771,7.50180032,47,60,-4.855965115
세르비아,2019,7417.203649,51.9,10.4,10.66626667,7.668102633,45,61,-6.862783705
세르비아,2020,7720.510572,57,9.08,-3.613814743,-4.222639925,44,57,-4.081321544
스리랑카,2005,1248.698185,90.6,7.67,2.688156993,6.646166137,17,39,-2.663822405
스리랑카,2006,1435.816813,87.9,6.5,6.93715866,3.840461348,10,46,-5.297103266
스리랑카,2007,1630.388906,85,5.97,3.733227845,7.327287599,8,44,-4.33041497
스리랑카,2008,2037.322103,81.4,5.22,4.011839932,0.390200287,8,41,-9.543198683
스리랑카,2009,2090.401826,86.2,5.85,-9.585903828,-12.30572406,11,45,-0.510385794
스리랑카,2010,2799.648738,71.6,4.78,12.64715371,8.760094652,18,46,-1.895135833
스리랑카,2011,3200.861132,71.1,4.12,23.6,10.2,24,51,-7.068808999
스리랑카,2012,3350.521876,68.7,3.88,0.48543689,-0.181488201,23,48,-5.858383072
스리랑카,2013,3610.289363,70.8,4.24,-1.52979066,6.636363637,26,48,-3.418528172
스리랑카,2014,3819.25353,71.3,4.19,9.566639412,4.262574596,34,50,-2.50475447
스리랑카,2015,3843.780672,78.5,4.52,10.59701493,4.66067048,50,52,-2.335829734
스리랑카,2016,3886.291502,79,4.24,7.894736842,-0.742187502,47,51,-2.114536106
스리랑카,2017,4077.043841,79.9,4.05,7.131957473,7.589138136,42,50,-2.641021457
스리랑카,2018,4059.20823,83.7,4.32,1.758277683,0.474153946,41,48,-3.182078508
스리랑카,2019,3852.265603,86.8,4.27,-5.794874803,7.165613307,40,48,-2.194760614
스리랑카,2020,3680.673477,101,4.84,-11.41788442,-9.580774082,45,44,-1.342394333
스웨덴,2005,43437.06312,48.7,7.49,6.839906467,6.398959552,95,93,6.012812683
스웨덴,2006,46593.60216,43.6,7.07,8.329763732,8.613984123,96,92,8.146858636
스웨덴,2007,53700.00534,38.9,6.16,8.026621069,4.595407015,96,94,8.127695906
스웨덴,2008,56152.55234,37.5,6.24,3.055722999,1.852459985,90,95,7.881485666
스웨덴,2009,46946.96027,40.7,8.35,-14.53530544,-14.45802447,87,96,5.93722789
스웨덴,2010,52869.04429,38.1,8.61,11.48340358,10.64721448,88,95,5.888480316
스웨덴,2011,60755.75955,37.2,7.8,7.083975801,6.719796245,92,99,5.476158204
스웨덴,2012,58037.82132,37.5,7.98,1.013890717,1.120795536,90,99,5.505562042
스웨덴,2013,61126.9432,40.3,8.05,-0.199830002,-1.102750845,90,99,5.232062108
스웨덴,2014,60020.36046,45,7.95,6.383569597,4.365974662,88,97,4.209427162
스웨덴,2015,51545.48361,43.7,7.43,6.060830727,5.800060938,81,97,3.316168753
스웨덴,2016,51965.15715,42.3,6.99,4.469800124,2.399781195,87,97,2.356978964
스웨덴,2017,53791.50873,40.7,6.72,4.72878068,4.131625448,82,96,2.97382987
스웨덴,2018,54589.06039,38.9,6.37,3.823845708,4.246977832,82,98,2.621667313
스웨덴,2019,51939.42974,34.9,6.83,2.12905361,5.973993017,86,97,5.463322398
스웨덴,2020,52274.40879,39.6,8.45,-5.566039694,-4.61677419,85,95,5.707917662
스위스,2005,56546.78566,54.6,4.44,9.812134853,6.526030438,91,93,11.65452709
스위스,2006,59300.61722,48.3,4,3.032432821,6.451308004,95,93,12.74106264
스위스,2007,65359.51922,44.5,3.65,5.822196712,11.30587154,94,95,8.584550934
스위스,2008,74572.23237,44.6,3.35,4.646044057,4.218649645,95,94,1.623289679
스위스,2009,72083.1677,42.8,4.12,-3.12996466,-8.713528461,95,94,6.308762332
스위스,2010,77117.12601,41.1,4.8,8.080230296,12.58691425,92,95,13.54708808
스위스,2011,91254.03476,41.5,4.4,9.011748756,3.96782521,94,95,6.787159457
스위스,2012,86547.67089,42.2,4.49,-2.364793828,0.978318809,99,95,9.446492605
스위스,2013,88109.48675,41.6,4.75,12.52612821,13.8029868,98,94,10.11918925
스위스,2014,89684.70758,41.6,4.83,-7.30832449,-6.214702569,98,96,7.454730129
스위스,2015,84776.14217,41.7,4.8,4.75665211,4.132599797,97,95,9.450987102
스위스,2016,83073.28008,40.5,4.92,5.311059424,6.511148674,95,98,7.857373764
스위스,2017,83352.08865,41.2,4.8,-0.876980621,-0.333536899,94,97,5.953346716
스위스,2018,86388.40495,39.3,4.71,0.664416345,3.332703825,95,97,5.349263928
스위스,2019,85334.51946,39.1,4.39,-0.222511071,-0.781963492,94,95,4.949624835
스위스,2020,87097.03645,42.6,4.94,-4.537116377,-6.004371698,93,94,1.152296444
스페인,2005,26419.29686,42.4,9.15,6.960046777,1.890665432,53,89,-7.276208612
스페인,2006,28365.31349,39.1,8.45,8.213107745,4.729259219,41,85,-8.856384466
스페인,2007,32549.97098,35.8,8.23,8.239988937,7.597043105,36,86,-9.461631731
스페인,2008,35366.2596,39.7,11.25,-5.507782964,-0.906456229,30,87,-8.965868071
스페인,2009,32042.47408,53.3,17.86,-18.30267711,-10.83791319,30,85,-4.067016824
스페인,2010,30502.71971,60.5,19.86,6.198746268,9.063265573,34,84,-3.677675443
스페인,2011,31636.44631,69.9,21.39,-0.590594379,8.173609468,48,82,-2.703270524
스페인,2012,28324.42934,90,24.79,-5.835135585,0.935228307,43,78,0.055490597
스페인,2013,29059.54795,100.5,26.09,-0.214383029,4.378401978,47,79,2.036379619
스페인,2014,29461.55033,105.1,24.44,6.798047,4.526346514,55,75,1.654911406
스페인,2015,25732.01836,103.3,22.06,5.077024115,4.316234026,56,75,2.017177489
스페인,2016,26505.34322,102.8,19.64,2.64993492,5.371237126,61,81,3.189628774
스페인,2017,28100.58624,101.9,17.22,6.787811792,5.511250095,57,80,2.815092024
스페인,2018,30349.7521,100.5,15.26,3.920097871,1.727638745,57,81,1.86450413
스페인,2019,29555.3157,98.3,14.1,1.199344795,2.472048841,58,82,2.095333146
스페인,2020,27063.19392,120,15.67,-15.19483732,-20.14701645,58,74,0.841816736
슬로바키아 공화국,2005,11685.75482,34.7,16.26,14.921397,12.63289008,77,84,-8.162974888
슬로바키아 공화국,2006,13159.75944,31.4,13.37,19.15539919,22.83471286,71,85,-7.71126963
슬로바키아 공화국,2007,16085.61152,30.3,11.14,9.678268141,14.45844938,85,81,-5.358881998
슬로바키아 공화국,2008,18677.29271,28.6,9.51,4.10803742,3.010305079,87,83,-6.24109553
슬로바키아 공화국,2009,16531.67051,36.4,12.03,-18.90798582,-16.36693637,80,81,-3.392320501
슬로바키아 공화국,2010,16825.35163,40.8,14.38,16.616696,17.3355695,87,81,-4.640651778
슬로바키아 공화국,2011,18406.01196,43.3,13.62,7.816995217,10.6301366,81,80,-4.940734033
슬로바키아 공화국,2012,17430.82675,51.9,13.96,2.105762572,9.144012278,88,81,0.943583318
슬로바키아 공화국,2013,18203.24249,54.9,14.22,5.625434308,6.010307813,89,79,1.823796818
슬로바키아 공화국,2014,18630.97598,53.7,13.18,4.546922041,3.695434227,86,78,1.187505058
슬로바키아 공화국,2015,16335.6454,51.8,11.48,8.51914692,6.644240744,75,75,-2.087203779
슬로바키아 공화국,2016,16501.08385,52.4,9.67,4.834285039,5.0306134,71,79,-2.714404244
슬로바키아 공화국,2017,17494.72879,51.6,8.13,4.011462832,3.682230426,80,76,-1.947786842
슬로바키아 공화국,2018,19380.51351,49.6,6.54,4.84592503,5.096578587,71,76,-2.17217714
슬로바키아 공화국,2019,19303.54566,48.1,5.75,2.090010149,0.794740314,68,80,-3.354686161
슬로바키아 공화국,2020,19266.51357,59.7,6.79,-8.242652751,-7.27869082,67,75,0.192949799
슬로베니아,2005,18098.90854,26.4,6.51,7.336895255,11.36390935,86,75,-1.879502176
슬로베니아,2006,19672.96556,26.1,5.95,12.38855818,14.12253472,87,73,-1.761016175
슬로베니아,2007,23787.64656,22.8,4.82,17.05726818,13.85780352,90,75,-4.196566863
슬로베니아,2008,27483.33717,21.8,4.37,4.090178875,4.183342444,91,76,-5.303914156
슬로베니아,2009,24694.23049,34.5,5.86,-18.38536461,-16.56046925,81,78,-1.082610666
슬로베니아,2010,23509.54314,38.3,7.24,6.632730713,10.16055882,77,76,-0.760972769
슬로베니아,2011,25095.13229,46.5,8.17,5.313869528,6.868649295,81,75,-0.837580282
슬로베니아,2012,22643.10025,53.6,8.84,-3.535306293,0.495940889,77,73,1.288209075
슬로베니아,2013,23496.6025,70,10.1,2.111469688,3.062110461,74,73,3.291360899
슬로베니아,2014,24214.92207,80.3,9.67,4.157007947,6.010634452,80,73,5.104259506
슬로베니아,2015,20881.76693,82.6,8.96,4.318523177,4.741264855,81,73,3.820608637
슬로베니아,2016,21663.64341,78.5,8,6.288934453,6.163366823,83,73,4.79067468
슬로베니아,2017,23455.94473,74.2,6.56,10.6717132,11.07125399,77,73,6.261342708
슬로베니아,2018,26104.10279,70.3,5.11,7.086746302,6.155541062,79,74,5.965398912
슬로베니아,2019,25942.95477,65.6,4.45,4.670847454,4.516827249,75,80,5.990845128
슬로베니아,2020,25517.33067,79.8,5.17,-9.578710621,-8.66269766,70,77,7.383483242
싱가포르,2005,29961.26328,92.1,5.59,11.572737,12.77985174,89,100,23.26051923
싱가포르,2006,33769.15416,85.1,4.48,10.29975113,10.95426011,93,98,26.89282281
싱가포르,2007,39432.93835,84.7,3.9,7.463947833,8.538106465,93,98,27.14329651
싱가포르,2008,40007.46926,95.3,3.96,10.87635516,5.26120343,99,99,15.08385139
싱가포르,2009,38927.20688,99.7,5.86,-9.945644686,-7.203905689,91,98,16.39289424
싱가포르,2010,47236.96023,97,4.12,16.30672172,17.78766503,91,98,22.93321266
싱가포르,2011,53890.42873,101,3.89,5.687543064,7.690486037,91,97,22.21887579
싱가포르,2012,55546.48854,105.7,3.72,2.581912244,1.397154643,97,100,17.64361274
싱가포르,2013,56967.42579,102.2,3.86,6.512569072,6.1398429,97,100,15.70718759
싱가포르,2014,57562.53079,97.9,3.74,2.768513217,3.619961888,93,100,17.9509219
싱가포르,2015,55646.61875,103.2,3.79,3.380741428,4.967697826,96,100,18.69268237
싱가포르,2016,56848.17539,111.5,4.08,0.05017443,-0.105327387,99,100,17.57161399
싱가포르,2017,61176.45636,110.6,4.2,7.76709055,7.097109786,99,100,17.26627521
싱가포르,2018,66679.04649,112.2,3.65,7.471730433,7.714241909,99,100,15.40885493
싱가포르,2019,65640.70795,126.3,3.1,0.210549517,0.149978913,98,100,14.26299854
싱가포르,2020,59797.75218,131,5.19,-7.075827961,-4.320277158,97,100,17.58410358
아르헨티나,2005,5109.852245,80.5,11.51,15.84823189,12.88683042,44,32,2.653631422
아르헨티나,2006,5919.012338,70.6,10.08,10.99186291,5.561203235,46,26,2.794495643
아르헨티나,2007,7245.446857,62.1,8.47,19.6402843,8.164451917,47,26,2.103616039
아르헨티나,2008,9020.873323,53.8,7.84,13.56218699,0.739874469,41,23,1.499401416
아르헨티나,2009,8225.137583,55.4,8.65,-18.41643939,-9.347106431,37,22,2.178566962
아르헨티나,2010,10385.96443,43.5,7.71,35.20441734,13.89691362,43,24,-0.3831187
아르헨티나,2011,12848.8642,38.9,7.18,22.02861658,4.148814784,52,26,-1.007271039
아르헨티나,2012,13082.66433,40.4,7.22,-4.728263216,-4.108311326,49,21,-0.391595124
아르헨티나,2013,13080.25473,43.5,7.1,3.882880978,-3.520240343,48,18,-2.377495666
아르헨티나,2014,12334.79825,44.7,7.27,-11.47999491,-6.979167434,46,13,-1.74400212
아르헨티나,2015,13789.06042,52.6,7.61,4.711318807,-2.77737294,46,17,-2.962926665
아르헨티나,2016,12790.24247,53.1,7.97,5.824163031,5.317354108,53,34,-2.709226273
아르헨티나,2017,14613.04182,57,8.35,15.58379561,2.615390952,53,42,-4.839957173
아르헨티나,2018,11795.15939,86.4,9.22,-4.461337004,0.645996251,47,41,-5.160554041
아르헨티나,2019,10056.63794,90.2,9.84,-18.98930229,9.102186606,44,34,-0.820919202
아르헨티나,2020,8579.017773,102,11.67,-17.86505815,-17.32684783,49,32,0.85097686
아이슬란드,2005,56794.85016,68.9,2.55,27.82708073,7.117023014,100,95,-15.71736942
아이슬란드,2006,57492.93425,70.7,2.83,9.820007752,-4.709789972,100,93,-22.73377984
아이슬란드,2007,69495.72674,68.5,2.25,-2.262988349,23.36971153,100,93,-13.4684408
아이슬란드,2008,56943.37045,110.4,2.95,-20.31270686,3.464413441,94,88,-22.93929395
아이슬란드,2009,41301.27322,128.8,7.22,-20.66940841,8.316585555,91,80,-9.01015827
아이슬란드,2010,43237.07295,133.1,7.56,2.318560243,0.954306268,85,78,-6.144910977
아이슬란드,2011,47714.59223,138.2,7.03,6.773659734,3.395922684,93,81,-4.703541064
아이슬란드,2012,45995.54788,133.9,6,4.603710743,3.598109357,93,82,-3.51560114
아이슬란드,2013,49804.983,122,5.38,0.105862088,6.804810124,94,84,6.261570557
아이슬란드,2014,54576.74481,115.2,4.9,10.0202774,3.888664402,94,87,4.346448863
아이슬란드,2015,52951.68151,97.2,3.98,13.54189657,8.947794824,96,87,5.627625908
아이슬란드,2016,61987.92636,82.4,2.98,14.60296632,10.95126438,96,87,8.271719875
아이슬란드,2017,72010.14903,71.6,2.74,11.83058989,5.079696715,96,90,4.256747895
아이슬란드,2018,74469.80406,63.1,2.7,0.870818508,1.683592494,97,90,3.528091719
아이슬란드,2019,68941.46223,66.3,3.51,-8.429695229,-4.669144259,100,90,5.807784191
아이슬란드,2020,59270.18005,77.4,5.01,-22.46504391,-30.19080158,97,91,0.945760321
아일랜드,2005,50914.03129,26.1,4.34,12.72317374,5.479909195,94,92,-3.373296192
아일랜드,2006,54283.68178,23.6,4.42,9.301760886,6.051221015,92,99,-3.389048012
아일랜드,2007,61318.46603,23.9,4.98,9.35127102,8.901457534,93,99,-5.134105643
아일랜드,2008,61103.51347,42.5,6.77,-2.785985423,-3.803444628,93,100,-5.578374371
아일랜드,2009,51927.23096,61.8,12.61,-1.702636514,4.648518246,86,96,-2.126193059
아일랜드,2010,48607.94052,86.2,14.53,0.441751197,5.967680096,85,94,1.046496443
아일랜드,2011,52108.83323,110.5,15.35,2.701686987,3.127549428,78,93,1.185361988
아일랜드,2012,49028.82739,119.7,15.45,-1.002696037,-0.820956261,78,94,-3.418289126
아일랜드,2013,51518.3881,120,13.74,1.057998861,2.9838009,75,94,1.558087745
아일랜드,2014,55525.89725,104.3,11.86,14.68606758,14.60084722,87,95,1.077241406
아일랜드,2015,61987.551,76.7,9.91,32.44833177,39.24998509,78,98,4.430221724
아일랜드,2016,62818.96636,74.3,8.37,19.01192875,4.585862619,74,95,-4.191439703
아일랜드,2017,69601.68388,67.8,6.71,1.161782278,9.636863221,85,92,1.015407087
아일랜드,2018,79068.97461,63.1,5.74,3.3183396,11.54896635,86,93,6.280225824
아일랜드,2019,80886.61574,57.2,4.95,41.65391171,10.4212605,82,93,-11.25817496
아일랜드,2020,85267.76474,58.4,5.92,-7.443220287,9.497584439,83,92,-2.090778055
에스토니아,2005,10412.64431,4.7,8.03,16.6993434,19.92239555,66,88,-8.634703087
에스토니아,2006,12639.40007,4.6,5.92,20.70274867,9.529446816,69,88,-14.97433198
에스토니아,2007,16744.58445,3.8,4.59,12.98195383,12.6154315,69,88,-14.80277959
에스토니아,2008,18204.96648,4.5,5.46,-6.157830915,0.897881499,66,92,-8.858968155
에스토니아,2009,14711.73527,7.2,13.55,-30.60556259,-20.3085483,64,89,2.677649037
에스토니아,2010,14663.04461,6.7,16.71,21.2569362,24.2172264,68,89,1.743738918
에스토니아,2011,17464.92008,6.2,12.33,27.18832647,24.17301773,67,91,1.312261818
에스토니아,2012,17404.2008,9.8,10.02,9.688144816,4.8262746,67,91,-1.87558262
에스토니아,2013,19050.58592,10.2,8.63,2.445981655,2.800020375,68,91,0.300337229
에스토니아,2014,20234.11742,10.6,7.35,3.046876182,2.64047014,73,93,0.650615602
에스토니아,2015,17395.04062,10.1,6.19,-1.887090315,-1.502566939,66,93,1.762443232
에스토니아,2016,18282.92339,10,6.76,6.497250138,4.822528145,69,93,1.249405521
에스토니아,2017,20387.28315,9.1,5.76,3.990948669,4.832046443,69,93,2.285464233
에스토니아,2018,23052.30126,8.2,5.37,5.68864454,3.881196933,65,92,0.811250643
에스토니아,2019,23397.12001,8.6,4.45,3.799847162,6.480376992,67,93,2.523135073
에스토니아,2020,23027.027,19,6.46,0.856447553,-4.977872774,70,93,-0.461591563
에콰도르,2005,3002.138604,35,3.78,14.39534039,8.633036356,24,23,1.141794107
에콰도르,2006,3328.884156,28.8,3.55,9.773513315,7.125999442,21,14,3.717630162
에콰도르,2007,3567.837186,27.2,3.14,7.05495981,0.017212283,20,13,3.69843367
에콰도르,2008,4249.01897,22.2,3.92,14.43921108,2.983947688,21,14,2.86485133
에콰도르,2009,4231.619235,16.4,4.61,-9.919288842,-4.788346949,23,6,0.50072127
에콰도르,2010,4633.591284,19.2,4.09,14.82409922,-0.237068078,26,10,-2.274860023
에콰도르,2011,5200.555108,18.4,3.46,3.646417622,5.667761504,26,16,-0.504733852
에콰도르,2012,5682.046108,21.2,3.24,0.834861394,5.466579851,27,17,-0.166549831
에콰도르,2013,6056.331213,24,3.08,6.965967127,2.558355145,39,20,-0.980667829
에콰도르,2014,6377.093929,29.6,3.48,4.75460457,6.21492915,45,16,-0.657393329
에콰도르,2015,6124.490887,33,3.62,-8.156789978,-0.637306228,41,12,-2.236960735
에콰도르,2016,6060.092962,38.2,4.6,-9.620335724,1.421079645,44,13,1.110080757
에콰도르,2017,6213.503127,44.6,3.84,12.23641004,0.7170421,41,12,-0.176128709
에콰도르,2018,6295.934662,45.2,3.53,4.404189287,1.154065168,43,17,-1.216380039
에콰도르,2019,6222.524653,51.8,3.81,0.32346181,3.645625847,39,20,-0.05711523
에콰도르,2020,5600.389615,68.9,6.23,-7.882725299,-2.126851087,34,17,2.59547457
엘살바도르,2005,2428.568879,52.54,7.22,4.85296126,-0.635394445,45,49,-4.229078786
엘살바도르,2006,2631.822739,52.34,6.57,9.248357038,5.97184483,41,55,-4.784782895
엘살바도르,2007,2786.157774,50.86,6.41,10.69036757,1.815206297,43,58,-7.151292489
엘살바도르,2008,2933.39424,54.06,5.88,-4.337315677,2.537612408,45,57,-8.518259688
엘살바도르,2009,2858.483344,63.48,7.33,-22.49379535,-9.255462864,44,62,-1.77368033
엘살바도르,2010,2983.228806,63.85,4.89,8.899451246,13.48406358,48,62,-2.888216228
엘살바도르,2011,3266.010978,63.85,4.3,5.464951714,7.06121547,50,67,-5.481051994
엘살바도르,2012,3428.409332,67.77,3.84,1.160592626,0.44404812,55,60,-5.797215033
엘살바도르,2013,3509.526536,67.7,3.69,4.43185679,6.325153636,45,61,-6.904746892
엘살바도르,2014,3589.042885,69.45,4.15,-2.486693191,3.271859687,44,63,-5.371386987
엘살바도르,2015,3705.579704,70.77,4,4.926924294,3.183322927,45,60,-3.215929355
엘살바도르,2016,3805.995686,72.58,4.42,-0.754346855,0.279475526,43,57,-2.274032866
엘살바도르,2017,3910.254403,73.55,4.39,1.338172358,3.370116659,36,54,-1.859907336
엘살바도르,2018,4052.624775,72.65,4.01,2.349468672,1.565168458,33,57,-3.301793065
엘살바도르,2019,4167.730939,73.3,3.96,3.242816692,6.128083027,43,56,-0.614952009
엘살바도르,2020,3798.636521,90.17,6.98,-10.53357836,-21.15824921,46,51,0.490893871
영국,2005,42132.09072,32.5,4.75,6.877776722,7.292079945,51,97,-1.902791096
영국,2006,44654.09692,33.3,5.35,10.76043492,12.82975003,66,100,-2.814397149
영국,2007,50653.25691,34,5.26,-2.066173927,-1.506774197,66,99,-3.39945889
영국,2008,47549.34863,48.4,5.62,-1.433736206,1.033183673,61,98,-3.876026921
영국,2009,38952.21103,62.4,7.54,-7.770335949,-8.840486878,48,95,-3.207662438
영국,2010,39688.61497,68.8,7.79,7.794049253,5.577006038,60,98,-3.085011363
영국,2011,42284.88449,72.3,8.04,2.413453839,7.342043028,59,95,-1.903390504
영국,2012,42686.80005,75.7,7.89,2.075903953,0.646692271,60,95,-3.477647266
영국,2013,43713.81412,77.5,7.52,3.108103803,0.868676324,63,96,-4.776979551
영국,2014,47787.2413,79.8,6.11,4.6973331,0.818335088,60,97,-5.099862711
영국,2015,45404.56777,79.1,5.3,4.993702266,3.76466422,61,99,-5.162596513
영국,2016,41499.5557,81.5,4.81,3.532206685,3.341621379,59,95,-5.377889849
영국,2017,40857.75558,80.6,4.33,2.922883102,5.653687459,60,94,-3.633762464
영국,2018,43646.95197,78.4,4,3.071965041,2.776752359,50,96,-3.877696029
영국,2019,43070.49836,82.7,3.74,2.926509934,3.35846648,63,94,-2.670455597
영국,2020,41124.53477,94,4.34,-16.76519377,-14.68759374,61,92,-2.625657845
오스트리아,2005,38403.13388,68.6,5.63,5.455040639,6.665106633,86,95,1.972610806
오스트리아,2006,40635.28182,67.3,5.24,5.854556834,7.57617272,86,96,3.272003141
오스트리아,2007,46855.77175,65,4.86,5.63498584,7.57180863,96,96,3.794540437
오스트리아,2008,51708.76575,68.7,4.13,0.954256343,2.170667462,99,94,4.485082179
오스트리아,2009,47963.1794,79.9,5.3,-11.89921767,-14.36810806,91,92,2.574822108
오스트리아,2010,46858.04327,82.7,4.82,11.96951586,13.13107325,89,92,2.927441563
오스트리아,2011,51374.95841,82.4,4.56,5.954271602,5.935361677,91,91,1.577048407
오스트리아,2012,48567.69529,81.9,4.87,0.923627412,1.437694619,96,91,1.500135449
오스트리아,2013,50716.70871,81.3,5.34,0.694051634,0.640652896,96,91,1.948336545
오스트리아,2014,51717.49594,84,5.62,2.956619555,2.887601514,95,91,2.395941432
오스트리아,2015,44178.04738,84.9,5.72,3.630202134,3.04914319,90,91,1.737497535
오스트리아,2016,45276.83144,82.8,6.01,3.725740615,2.98810577,77,91,2.72306282
오스트리아,2017,47312.00623,78.5,5.5,5.289217846,4.898007041,87,91,1.357608512
오스트리아,2018,51461.43322,74.1,4.85,5.340687654,5.138576975,80,91,0.96259614
오스트리아,2019,50114.40111,70.6,4.49,1.978989801,3.417049975,80,91,2.099141373
오스트리아,2020,48586.80132,83.3,5.77,-9.376540718,-10.75917419,75,91,1.883482517
온두라스,2005,1296.694784,56.77,4.91,3.615814916,5.306423169,27,27,-3.14654966
온두라스,2006,1420.134396,40.15,3.58,4.056064079,1.553617196,26,35,-3.529452039
온두라스,2007,1572.064888,24.59,3.21,10.88659527,2.536939332,30,44,-9.092554215
온두라스,2008,1727.793682,23.1,3.16,2.38084196,0.859724942,28,45,-15.44553676
온두라스,2009,1777.272802,24.67,3.29,-26.20929452,-15.89693577,33,44,-3.842657266
온두라스,2010,1891.158589,29.67,4.12,15.20475548,15.68472922,28,45,-5.111831079
온두라스,2011,2073.90437,32.03,4.48,12.66606079,8.36223467,34,49,-8.009170637
온두라스,2012,2129.521439,32.17,3.75,6.278771169,9.848811181,36,46,-8.590759399
온두라스,2013,2088.097206,41.97,5.65,-4.096478079,-1.281047036,32,47,-9.593440765
온두라스,2014,2190.653139,42.35,7.08,3.364474096,3.358464969,28,38,-6.994007947
온두라스,2015,2286.203037,42.06,6.15,8.466691385,2.899861758,29,39,-4.703598902
온두라스,2016,2326.297278,39.73,6.73,-1.571184627,0.886736666,30,31,-3.165420201
온두라스,2017,2436.671636,43.93,5.53,7.162557388,4.870250657,27,35,-1.254616608
온두라스,2018,2492.868968,43.24,5.65,4.521109434,1.367903745,29,36,-6.618355443
온두라스,2019,2556.456891,43.92,5.57,-2.377065933,2.418492979,25,34,-2.393757554
온두라스,2020,2389.012431,54.86,9.39,-18.49841304,-20.43596821,26,34,2.846192898
우간다,2005,333.7315763,55.2,1.9,12.57855876,14.78217604,10,46,0.532773072
우간다,2006,349.2171001,36,2.21,19.51651381,7.76354379,14,47,-3.189036054
우간다,2007,403.6637446,22,2.53,16.35712535,12.13857312,18,49,-4.728752254
우간다,2008,474.5179496,20.3,2.92,17.36898069,84.44024271,18,47,-8.475103344
우간다,2009,799.9658963,19.2,3.6,16.83834354,-8.564912902,17,48,-4.170849232
우간다,2010,822.5393725,22.4,3.61,-2.08076715,-8.960843393,16,47,-6.035118092
우간다,2011,832.5690782,23.4,3.58,14.7528203,5.489204279,18,48,-7.488784469
우간다,2012,790.1314506,24.5,3.55,5.959924754,13.9871017,20,45,-6.063126421
우간다,2013,810.090395,27.6,1.91,0.937902512,6.946943692,20,45,-6.057193799
우간다,2014,883.5287445,30.7,1.88,-6.456709382,0.00228586,15,47,-6.641608331
우간다,2015,847.2676289,33.3,1.86,14.15718973,-2.369875229,21,46,-5.16028722
우간다,2016,736.5598474,31.2,1.83,-8.71811506,4.0133329,21,46,-2.853937861
우간다,2017,746.8307529,33.8,1.79,2.414037579,32.85466365,26,46,-4.884294158
우간다,2018,770.6007843,35.1,1.75,8.414283888,9.419934119,21,43,-5.879405176
우간다,2019,798.5857341,38.2,1.72,7.09408102,4.317491782,23,38,-6.624413146
우간다,2020,822.0276815,49.8,2.44,0.441327967,-1.170019416,19,37,-9.27732053
우루과이,2005,5226.9441,73.1,12.01,9.787872942,15.99471414,70,63,0.243497121
우루과이,2006,5887.845162,65.4,10.84,15.67131248,5.615692513,75,62,-2.001489666
우루과이,2007,7026.503055,62.5,9.4,5.923591905,4.780533598,77,60,-0.941677592
우루과이,2008,9091.079039,48.9,8.03,24.43499637,8.531288334,76,59,-5.693794351
우루과이,2009,9451.932449,57.6,7.74,-8.665945494,4.45409345,73,63,-1.204278239
우루과이,2010,11992.02377,44.2,7.16,13.57762549,7.179440506,75,64,-1.814200004
우루과이,2011,14236.715,43.4,6.31,12.40854505,5.803847322,79,65,-2.740906576
우루과이,2012,15171.58017,56.9,6.45,13.6378761,3.641811888,70,66,-3.972450435
우루과이,2013,16973.68924,52.3,6.44,2.813752484,-0.061377865,72,69,-3.504698108
우루과이,2014,16831.94819,53.2,6.55,0.756726818,3.514788735,84,69,-3.211933231
우루과이,2015,15613.74597,57.6,7.49,-7.264825283,-0.599965028,85,67,-0.276105948
우루과이,2016,16715.63347,58.4,7.84,-6.207773076,-0.157136144,90,69,0.828581337
우루과이,2017,18690.89384,60.4,7.89,7.075442489,4.947838114,87,71,0.030798307
우루과이,2018,18703.86029,59.6,8.34,-0.019593895,-1.72106949,88,70,-0.443238693
우루과이,2019,17688.01501,60.5,9.35,1.469009274,3.645848669,85,70,1.610667805
우루과이,2020,15438.41167,73,12.67,-10.80870323,-16.22669413,88,73,-0.588840213
우크라이나,2005,1826.931391,17.7,7.18,7.476810461,-12.1839151,37,32,2.839553884
우크라이나,2006,2300.769709,14.8,6.81,7.156314612,-5.758591908,44,32,-1.447024697
우크라이나,2007,3065.611294,12.3,6.35,21.73856559,2.956997953,49,36,-3.530467071
우크라이나,2008,3887.242337,20.5,6.36,17.49641447,5.70607602,46,33,-6.794387592
우크라이나,2009,2542.995424,34.7,8.84,-39.36304228,-21.97205294,34,32,-1.428186205
우크라이나,2010,2965.139715,39.9,8.1,10.00142397,2.311379311,45,34,-2.135828125
우크라이나,2011,3569.758121,35.9,7.85,17.37559832,3.129353865,44,30,-6.043120389
우크라이나,2012,3855.417729,36.6,7.53,3.858168956,-5.489907869,42,30,-7.850818932
우크라이나,2013,4029.711252,40.1,7.17,-3.496303138,-7.421313163,21,30,-8.67092024
우크라이나,2014,3104.643206,70.2,9.27,-23.57156723,-17.42194427,6,29,-3.442608659
우크라이나,2015,2124.662319,79.1,9.14,-16.67199778,-13.1652592,5,30,5.531085281
우크라이나,2016,2187.73051,80.9,9.35,9.300860477,-1.817533618,7,36,-1.998800428
우크라이나,2017,2640.675677,71.8,9.51,12.92700477,3.924221461,7,40,-3.098388409
우크라이나,2018,3096.817402,60.9,8.8,2.782999589,-1.354144505,6,40,-4.914010553
우크라이나,2019,3662.563087,50.3,8.19,5.74536386,7.299815603,9,42,-2.679958463
우크라이나,2020,3726.927149,60.8,9.48,-9.5,-5.6,12,41,3.387160282
이스라엘,2005,20585.13861,86.1,11.34,3.487960264,4.673440034,13,73,3.182527181
이스라엘,2006,21853.14024,78.1,10.71,3.418440065,4.997009915,13,79,4.485113228
이스라엘,2007,24952.54759,71.1,9.38,11.12536998,10.24906994,12,84,3.038650201
이스라엘,2008,29650.77025,70.2,7.7,2.470420019,5.536379977,11,85,1.176171738
이스라엘,2009,27780.46372,73,9.53,-13.76403014,-12.01769985,7,83,3.53656089
이스라엘,2010,30780.02382,69.2,8.48,15.03159013,14.91779997,10,85,3.453288519
이스라엘,2011,33775.512,67.6,7.14,11.2522697,8.103509783,13,87,1.615859335
이스라엘,2012,32667.60687,67.2,6.86,2.139110016,-0.106499831,16,86,0.428493309
이스라엘,2013,36499.45611,65.9,6.21,0.969160207,5.105179971,15,86,2.864491769
이스라엘,2014,37847.64994,64.6,5.89,2.276540022,0.740190042,13,87,4.074837203
이스라엘,2015,35808.43643,62.3,5.25,-0.212310082,-2.154360096,11,86,5.239899435
이스라엘,2016,37330.2618,60.5,4.8,9.999277987,2.022488535,19,88,3.777516499
이스라엘,2017,40774.12961,58.9,4.22,4.392249961,5.263660127,17,87,3.567833557
이스라엘,2018,42063.45313,59.3,4,6.802970009,5.087889946,15,86,2.785479451
이스라엘,2019,43951.24773,58.5,3.8,3.377259981,3.917619904,19,87,3.540280264
이스라엘,2020,44168.94364,71.7,4.61,-9.461159911,-1.892739974,18,87,5.414458393
이집트,2005,1186.393313,95.2,11.2,23.82352942,20.20202021,27,39,2.346857567
이집트,2006,1397.43669,96.1,10.49,21.77355504,21.26050418,22,37,2.453221629
이집트,2007,1667.317998,87.1,8.8,28.8036411,23.2848233,27,43,0.315552632
이집트,2008,2044.527804,74.3,8.52,26.29144178,28.76165113,29,50,-0.868821887
이집트,2009,2331.26884,73.3,9.09,-17.8876679,-14.51223717,26,47,-1.77073911
이집트,2010,2645.968759,73.7,8.76,-3.159851289,-2.983870956,19,47,-2.056683076
이집트,2011,2791.810766,76.7,11.85,8.406909786,1.246882774,7,41,-2.323788126
이집트,2012,3229.68563,80.3,12.6,10.80028329,-2.298850569,8,34,-2.497880217
이집트,2013,3262.657586,87.1,13.15,0.589390958,4.515659133,7,29,-1.225132498
이집트,2014,3379.557986,90.5,13.11,0.097656244,-10.94076655,8,26,-1.948491315
이집트,2015,3562.932658,85,13.05,0.951219516,-0.039123638,9,22,-5.235291379
이집트,2016,3519.87324,92.3,12.41,-2.222759123,-15.02935421,9,18,-6.164659519
이집트,2017,2444.290387,103,11.74,52.50803064,86.04329805,9,17,-3.368080231
이집트,2018,2537.125185,92,9.82,10.60963618,31.55401713,12,17,-3.082805503
이집트,2019,3019.092283,84,9.73,-8.91634812,-2.21575959,12,19,-3.372662685
이집트,2020,3569.206841,88,10.45,-17.88990826,-21.66831893,11,25,-3.897564291
이탈리아,2005,32043.14037,106.6,7.73,3.440307948,3.216572869,63,78,-0.899842607
이탈리아,2006,33501.65817,106.7,6.78,7.95854329,8.310327372,62,78,-1.453940094
이탈리아,2007,37822.66524,103.9,6.08,5.45420841,6.197332434,60,79,-1.363165015
이탈리아,2008,40778.34274,106.2,6.72,-4.024321844,-3.169132053,65,79,-2.768020956
이탈리아,2009,37079.75867,116.6,7.75,-13.11816502,-17.81641254,55,79,-1.84419489
이탈리아,2010,36000.52012,119.2,8.36,12.1668588,11.76156395,63,78,-3.318589008
이탈리아,2011,38599.06221,119.7,8.36,0.56323092,5.419871476,63,75,-2.827590714
이탈리아,2012,35053.52624,126.5,10.66,-8.119492766,2.032309504,63,75,-0.245765367
이탈리아,2013,35549.9747,132.5,12.15,-2.702130672,0.374187156,64,75,1.124673672
이탈리아,2014,35518.41529,135.4,12.68,3.452286711,2.615222878,60,73,1.854200511
이탈리아,2015,30230.2263,135.3,11.9,6.463675291,4.274025708,59,74,1.426169404
이탈리아,2016,30939.71425,134.8,11.69,3.92707415,1.865502485,59,75,2.60726548
이탈리아,2017,32326.67421,134.2,11.21,6.091371221,5.436440978,58,75,2.63860932
이탈리아,2018,34605.26273,134.4,10.61,3.438160066,2.141987139,57,75,2.505896215
이탈리아,2019,33641.63375,134.1,9.95,-0.64800986,1.589099085,59,77,3.213414846
이탈리아,2020,31714.22095,155.3,9.31,-12.8649525,-14.00245707,60,68,3.823277848
인도,2005,714.8610154,79.07,5.65,32.2696449,26.08507443,17,45,-1.253507315
인도,2006,806.7532806,74.66,5.52,21.50464422,20.3938055,17,45,-0.988988303
인도,2007,1028.334772,71.44,5.41,9.951587207,5.86653905,14,42,-0.663718193
인도,2008,998.5223415,72.21,5.36,22.44862579,14.77813513,14,40,-2.583376538
인도,2009,1101.960838,70.6,5.61,-1.925816179,-4.834225354,10,42,-1.951464148
인도,2010,1357.563727,65.6,5.65,15.81189146,19.47813546,11,39,-3.253484046
인도,2011,1458.104066,67.36,5.65,20.41173188,15.49298145,11,41,-3.429288264
인도,2012,1443.882435,66.65,5.66,6.021796637,6.805488798,11,35,-5.004888982
인도,2013,1449.610451,67.06,5.67,-8.145800952,7.792389239,12,35,-2.645666243
인도,2014,1573.885642,66.58,5.6,0.871230764,1.777590733,14,35,-1.33950833
인도,2015,1605.605445,68.53,5.56,-5.850043681,-5.647087275,17,40,-1.067549349
인도,2016,1732.554242,68.77,5.51,4.381893904,4.984257621,15,41,-0.527880354
인도,2017,1980.66702,69.8,5.41,17.41998338,4.564707763,19,43,-1.439488918
인도,2018,1996.915087,70.78,5.33,8.606976693,12.34666503,14,44,-2.428608822
인도,2019,2100.751461,73.32,5.27,-0.779349316,-3.305700752,20,49,-1.036851495
인도,2020,1927.707823,73.95,7.11,-13.6061188,-4.678784372,17,48,1.230339519
인도네시아,2005,1263.287332,42.61,7.95,17.76894842,16.60131419,7,28,0.097088247
인도네시아,2006,1589.801489,35.84,7.55,8.582667544,9.405525679,10,41,2.978708691
인도네시아,2007,1860.002811,32.33,8.06,9.064258352,8.542979715,13,41,2.427264127
인도네시아,2008,2166.854231,30.25,7.21,10.00256726,9.5334607,16,43,0.024693325
인도네시아,2009,2261.247309,26.48,6.11,-14.97745445,-9.69013805,21,39,1.969770562
인도네시아,2010,3122.362673,24.52,5.61,17.34432298,15.26632241,20,37,0.681277284
인도네시아,2011,3643.047176,23.1,5.15,15.02888271,14.76991924,21,39,0.188703953
인도네시아,2012,3694.35934,22.96,4.47,7.998411217,1.60874875,26,44,-2.660273604
인도네시아,2013,3623.927241,24.8,4.34,1.861896662,4.166957513,28,46,-3.189964829
인도네시아,2014,3491.637491,24.7,4.05,2.11970235,1.074639597,30,50,-3.088169076
인도네시아,2015,3331.695115,27,4.51,-6.249011052,-2.120239724,25,47,-2.035041922
인도네시아,2016,3562.816334,30,4.3,-2.405113085,-1.660508613,32,50,-1.819150892
인도네시아,2017,3837.578024,29.4,3.88,8.067946249,8.897292176,29,51,-1.594656902
인도네시아,2018,3893.859578,30,4.4,12.13601614,6.514147381,27,49,-2.93907292
인도네시아,2019,4135.201531,30.5,3.62,-7.394275007,-0.862299954,27,51,-2.705682804
인도네시아,2020,3869.588427,38.5,4.11,-14.71253308,-7.704722936,28,55,-0.420604154
일본,2005,37812.89502,176.6,4.4,5.945933211,7.11973424,83,87,3.521140656
일본,2006,35991.546,176.3,4.1,4.704135626,10.30604918,91,87,3.795861729
일본,2007,35779.02454,175.3,3.9,2.270819174,8.703067736,83,85,4.623300483
일본,2008,39876.30397,183.3,4,0.732843712,1.587887261,77,83,2.782942348
일본,2009,41308.99684,200.9,5.1,-15.56032021,-23.38277052,85,83,2.754095835
일본,2010,44968.15623,207.7,5.1,11.28551363,24.8607371,78,82,3.835478963
일본,2011,48760.07895,221.9,4.52,5.727995086,-0.119600974,82,82,2.079153288
일본,2012,49145.28043,228.7,4.3,5.453191658,0.145733293,78,84,0.958442611
일본,2013,40898.6479,232.2,4,3.16904343,0.810553199,83,83,0.889785416
일본,2014,38475.39525,235.8,3.6,8.124892011,9.341806747,80,84,0.74232205
일본,2015,34960.63938,231.3,3.4,0.439964097,3.211234756,89,85,3.070279659
일본,2016,39400.73936,236.4,3.1,-1.175364557,1.618284418,82,90,3.938091284
일본,2017,38891.08627,234.5,2.8,3.306787319,6.619072394,89,90,4.120369663
일본,2018,39808.16856,236.6,2.4,3.813561895,3.7595997,88,89,3.519403323
일본,2019,40777.6087,238,2.4,-0.408715893,-1.425493907,84,88,3.422825425
일본,2020,40193.25244,266.2,2.97,-7.284015022,-11.7387348,87,89,3.240743203
체코,2005,13430.6699,27.7,7.93,12.47955314,18.15847222,78,80,-2.04873349
체코,2006,15261.79759,27.6,7.15,11.481651,14.28921087,86,83,-2.55726329
체코,2007,18466.54793,27.3,5.32,12.8786406,11.03135638,83,82,-4.703670288
체코,2008,22804.57768,28.1,4.39,3.17775325,4.213839325,86,85,-1.861336899
체코,2009,19861.69743,33.4,6.66,-11.07694313,-9.827927848,79,87,-2.34761966
체코,2010,19960.06849,37.1,7.28,14.81239733,14.66160452,83,86,-3.516146056
체코,2011,21871.26608,39.7,6.71,6.717164478,9.163514289,89,85,-2.18679184
체코,2012,19870.80121,44.2,6.98,2.634741766,4.279400787,87,81,-1.5122723
체코,2013,20133.16914,44.4,6.95,0.061652239,0.259700543,88,82,-0.522421129
체코,2014,19890.91991,41.9,6.11,10.01733987,8.714416927,83,81,0.218629355
체코,2015,17829.69832,39.7,5.05,6.847859166,6.032334309,82,82,0.44952574
체코,2016,18575.23203,36.6,3.95,2.829850553,4.342554295,81,81,1.764162753
체코,2017,20636.19995,34.2,2.89,6.250556498,7.198200186,83,86,1.354196951
체코,2018,23419.73561,32.1,2.24,5.783503867,3.706877047,87,87,0.506001826
체코,2019,23660.14881,30.1,2.01,1.545164376,1.479067824,80,87,0.355675828
체코,2020,22932.22497,37.7,2.94,-6.858755062,-6.923527106,79,87,3.604956742
칠레,2005,7598.528877,7,9.34,18.46495427,2.784274464,74,89,1.483859578
칠레,2006,9464.548507,5,9.02,11.80938046,5.087400904,65,92,4.525042817
칠레,2007,10502.35071,3.9,8.43,13.79686406,7.190722264,59,92,4.275776117
칠레,2008,10751.4816,4.9,9.29,11.53550908,-0.629617192,59,93,-3.72889127
칠레,2009,10208.90797,5.8,11.31,-16.61530956,-4.237934853,67,92,1.867873232
칠레,2010,12808.03834,8.6,8.42,25.65767859,2.260471461,68,91,1.404238627
칠레,2011,14637.23344,11.1,7.34,15.1810498,5.456142046,62,91,-2.708988895
칠레,2012,15351.54074,11.9,6.66,5.1826562,0.354324939,58,92,-4.431739148
칠레,2013,15842.93648,12.7,6.21,1.97530341,3.266718946,60,92,-4.763699228
칠레,2014,14670.98891,15,6.67,-6.517505346,0.323747644,60,92,-2.005591674
칠레,2015,13574.16924,17.3,6.51,-1.099300243,-1.708395253,60,89,-2.351295945
칠레,2016,13753.59215,21,6.74,0.871552745,0.503419297,60,90,-1.986144243
칠레,2017,14998.81706,23.6,6.96,4.564269451,-1.517593626,62,89,-2.326261244
칠레,2018,15888.14436,25.6,7.23,8.095211336,5.266519078,61,88,-3.911806387
칠레,2019,14741.7144,27.9,7.29,-2.394032325,-2.607730962,48,84,-3.741617594
칠레,2020,13231.70421,33,11.51,-12.69836343,-1.018252708,49,82,1.332191886
카메룬,2005,1100.174926,36.9,4.4,4.621698864,-6.179781588,40,19,-2.540058396
카메룬,2006,1147.4366,10.7,3.69,3.75873573,9.655355911,39,21,0.925460061
카메룬,2007,1277.516807,10.7,3.06,14.80748152,14.29280011,34,20,1.195552075
카메룬,2008,1439.547804,9.3,3.31,10.72894767,-3.2304097,27,20,-1.629291505
카메룬,2009,1411.474572,9.4,3.77,-6.710203108,-11.99150722,30,24,-4.020970917
카메룬,2010,1352.302275,9.73,4.11,14.30281556,13.18433338,23,25,-3.116023274
카메룬,2011,1465.145788,15.13,3.97,7.687935974,5.095440139,27,23,-2.445884978
카메룬,2012,1403.522915,18.23,3.84,3.067800106,1.225942664,27,21,-3.170060136
카메룬,2013,1527.751257,13.4,3.71,11.96238237,3.255863515,27,19,-3.344599743
카메룬,2014,1604.214035,26.2,3.53,15.2242378,11.23918545,12,20,-3.853002965
카메룬,2015,1382.50979,34.2,3.51,-0.109391388,4.768816995,15,17,-3.643845913
카메룬,2016,1413.255957,33.3,3.47,1.030762354,2.756806186,13,23,-3.068060219
카메룬,2017,1469.4475,37.7,3.41,-1.206439344,-1.570903989,12,20,-2.631028226
카메룬,2018,1585.240534,39.5,3.36,8.469978179,2.129363229,8,20,-3.525641561
카메룬,2019,1533.095688,41.7,3.32,11.35618307,11.2229548,8,19,-4.27282315
카메룬,2020,1537.130218,43.2,3.62,-17.20641588,-15.16116126,9,20,-3.706475675
카자흐스탄,2005,3771.278957,8.1,8.13,12.1,0.4,53,45,-1.813631769
카자흐스탄,2006,5291.575305,6.7,7.79,12.6,6.8,52,42,-2.468919552
카자흐스탄,2007,6771.414797,5.32,7.26,26.1,9.1,69,39,-7.98501994
카자흐스탄,2008,8458.017154,6.33,6.63,-11.5,0.899999999,68,43,4.683777822
카자흐스탄,2009,7165.223175,9.51,6.55,-15.7,-11.9,73,43,-3.573690708
카자흐스탄,2010,9070.488253,10.19,5.77,2.9,3.1,64,42,0.93599417
카자흐스탄,2011,11634.0012,9.71,5.39,2.8,0.399999999,36,43,5.294510837
카자흐스탄,2012,12386.69927,12.1,5.29,24.8,4.800000001,34,39,1.080172056
카자흐스탄,2013,13890.63096,12.6,5.2,7.799999999,2.700000001,35,38,0.825798256
카자흐스탄,2014,12807.26069,14.5,5.06,-4,-2.500000001,48,45,2.761191
카자흐스탄,2015,10510.77189,21.9,4.93,-0.1,-4.099999999,44,53,-3.26029264
카자흐스탄,2016,7714.841844,19.7,4.96,-2.000000001,-4.499999999,48,52,-5.923791737
카자흐스탄,2017,9247.581331,19.9,4.9,1,8,47,61,-3.058562154
카자흐스탄,2018,9812.626371,20.3,4.85,6.600000001,9.599999998,45,60,-0.07720136
카자흐스탄,2019,9812.595808,19.9,4.8,14.9,2,41,61,-4.017586999
카자흐스탄,2020,9122.23343,23.4,6.05,-10.7,-12.1,39,58,-3.790861154
캐나다,2005,36382.50792,70.6,6.76,7.349336721,2.271950052,73,94,1.869656187
캐나다,2006,40504.06073,69.9,6.32,5.32058911,0.881307868,83,94,1.363656246
캐나다,2007,44659.89514,66.9,6.04,5.774880965,1.137638027,82,94,0.752359497
캐나다,2008,46710.50558,68,6.14,0.895139747,-4.543929961,85,96,0.204634001
캐나다,2009,40876.31015,79.4,8.34,-12.39460118,-12.96518163,89,97,-2.966282423
캐나다,2010,47562.08343,81.3,8.06,13.78838101,6.677633228,81,96,-3.596185671
캐나다,2011,52223.69611,81.9,7.51,5.594030442,4.827662711,86,96,-2.774006026
캐나다,2012,52669.08996,85.5,7.29,3.708567597,2.814689117,89,96,-3.532247677
캐나다,2013,52635.17496,86.2,7.07,2.077360528,2.460773337,87,95,-3.146875451
캐나다,2014,50955.99832,85.7,6.91,2.530906179,6.322765941,93,98,-2.318921377
캐나다,2015,43596.13554,91.3,6.91,0.751343231,3.419000458,95,94,-3.513987167
캐나다,2016,42315.60371,91.8,7,0.050746173,1.406664353,94,94,-3.093111447
캐나다,2017,45129.35644,90.1,6.34,4.627389456,1.4450715,88,98,-2.803427477
캐나다,2018,46454.74339,89.7,5.83,3.353272728,3.683417516,84,94,-2.348379742
캐나다,2019,46326.67264,86.8,5.66,0.357046391,1.28272883,83,96,-2.049189485
캐나다,2020,43258.17632,117.8,9.48,-11.19421655,-10.04783207,90,94,-1.807863507
코스타리카,2005,4676.379366,53.32,6.57,6.945545398,6.011897539,67,67,-4.291514394
코스타리카,2006,5227.465952,49.88,5.74,7.816209228,8.04149726,69,63,-4.132484591
코스타리카,2007,6103.741917,45.19,4.49,10.08846344,7.522935853,67,65,-5.574951156
코스타리카,2008,6901.388306,37.08,4.78,6.658714791,2.172059316,56,64,-8.377925951
코스타리카,2009,6801.036735,41.2,7.71,-18.73628821,-8.461752653,66,65,-1.823281756
코스타리카,2010,8227.127494,41.97,7.17,18.72644466,9.32745251,70,67,-3.223364058
코스타리카,2011,9229.834517,42.32,10.14,10.67093218,7.048104151,63,66,-5.296817118
코스타리카,2012,10075.00462,49.68,9.78,7.824970783,5.564272466,68,71,-5.104818243
코스타리카,2013,10744.09102,55.31,8.77,1.680638955,3.311533498,68,70,-4.771705995
코스타리카,2014,10847.16967,57.82,9.06,5.046277651,4.96433605,65,68,-4.716004804
코스타리카,2015,11642.77805,59.97,9,4.498020426,2.888311942,68,70,-3.403964754
코스타리카,2016,12011.22275,62,8.6,8.938430428,9.417271898,68,68,-2.136516358
코스타리카,2017,12225.57449,63.95,8.14,5.012553236,6.954924489,66,67,-3.616766427
코스타리카,2018,12485.4239,65.79,9.63,2.855957961,4.890960796,62,69,-2.991531121
코스타리카,2019,12693.82796,73.41,11.49,0.051160981,3.089177267,60,69,-2.147074353
코스타리카,2020,12140.85415,79.26,17.08,-7.895461917,-9.480803879,72,66,-2.181280558
콜롬비아,2005,3414.465158,42.2,11.87,12.66134269,9.170826814,3,54,-1.337559632
콜롬비아,2006,3741.092837,39.3,11.53,17.68181125,9.518297872,4,55,-1.850660846
콜롬비아,2007,4714.073055,35.9,11.2,13.85802969,6.219887476,7,58,-2.98261668
콜롬비아,2008,5472.53653,35.6,11.27,12.5117342,2.036755238,6,60,-2.682750129
콜롬비아,2009,5193.241458,36.7,12.07,-8.647687433,-5.206301862,5,56,-1.907507188
콜롬비아,2010,6336.709474,37.3,10.98,10.82983532,2.062365114,9,59,-2.995155863
콜롬비아,2011,7335.166934,34.7,10.11,20.22907753,12.25754177,12,62,-2.906307634
콜롬비아,2012,8050.255372,32.7,9.74,9.375086544,4.47327653,8,64,-3.138131535
콜롬비아,2013,8218.347844,35.8,9.05,8.524025649,4.676889376,10,64,-3.235960716
콜롬비아,2014,8114.343921,38.5,8.57,7.760013532,-0.288954532,11,68,-5.200187293
콜롬비아,2015,6175.87603,42,8.3,-1.080937715,1.658029415,13,69,-6.372535054
콜롬비아,2016,5870.777957,43.9,8.69,-3.540902873,-0.208836234,16,67,-4.450299295
콜롬비아,2017,6376.706716,44.9,8.87,1.018839453,2.569366531,18,66,-3.241634561
콜롬비아,2018,6729.583332,48.6,9.11,5.805419065,0.642348451,19,64,-4.245369362
콜롬비아,2019,6424.979492,52.3,9.96,7.34397308,3.070993602,15,66,-4.635033278
콜롬비아,2020,5334.556042,62.8,15.44,-17.29862809,-18.312344,22,63,-3.657062395
크로아티아,2005,10621.50746,40.9,12.6,5.233107177,4.575556148,59,65,-7.409590638
크로아티아,2006,11797.47447,38.5,11.13,8.258538485,7.948204245,64,64,-7.686457414
크로아티아,2007,14046.31681,37.2,9.91,6.056720074,5.004565753,67,66,-7.849971828
크로아티아,2008,16416.58681,39.1,8.53,3.843120683,-2.114193465,66,66,-10.57656688
크로아티아,2009,14653.04355,48.4,9.2,-20.34282892,-13.82170339,68,68,-6.477267809
크로아티아,2010,14067.52312,57.3,11.62,-3.03877417,7.783554359,67,70,-2.45795604
크로아티아,2011,14757.18034,63.7,13.68,2.538903596,2.30360517,68,70,-1.655238715
크로아티아,2012,13401.65662,69.4,15.94,-2.358770616,-1.456890154,65,67,-0.363594737
크로아티아,2013,13837.73164,80.3,17.25,3.194354352,2.480947219,66,67,0.962661072
크로아티아,2014,13762.37286,83.9,17.29,3.523532267,7.394688887,67,66,0.109029184
크로아티아,2015,11933.37738,83.3,16.18,9.379457172,10.34207071,65,65,3.178890053
크로아티아,2016,12527.73986,79.8,13.1,6.478862028,7.047509689,68,66,2.179311138
크로아티아,2017,13629.28959,76.7,11.21,8.439895465,6.887249525,70,70,3.740562302
크로아티아,2018,15227.5601,73.3,8.43,7.50123831,3.707530516,73,71,1.651051888
크로아티아,2019,15311.7669,71.1,6.62,6.528967279,6.842445878,70,72,2.338378392
크로아티아,2020,14134.16268,87.3,7.2,-12.2606879,-22.72553545,66,66,-0.930870736
키프로스,2005,24959.25917,63.4,5.3,1.002293001,3.091519408,64,85,-5.266826713
키프로스,2006,26729.3234,59.3,4.54,5.702435607,2.302904539,63,88,-6.367937706
키프로스,2007,31244.92622,54,3.92,9.608805884,5.363156125,63,88,-7.636679675
키프로스,2008,35397.36368,45.5,3.66,12.98367831,-0.564721814,69,88,-14.44400657
키프로스,2009,32109.24251,54.3,5.36,-15.32422887,-4.654528121,58,89,-6.697173011
키프로스,2010,31023.63833,56.4,6.26,10.79599969,6.139409804,62,90,-10.87548253
키프로스,2011,32396.38574,65.9,7.86,-2.591799554,6.95209259,67,86,-2.20012675
키프로스,2012,28912.15694,80.3,11.8,-3.63461479,-0.534989654,67,84,-3.997135399
키프로스,2013,27729.1927,104,15.87,-4.554598257,1.160300034,65,78,-1.463840567
키프로스,2014,27163.33297,109.1,16.09,7.719059404,6.243867756,64,83,-4.136773674
키프로스,2015,23408.33668,107.2,14.91,8.062270195,8.889828635,63,81,-0.420868051
키프로스,2016,24605.92083,103.1,12.95,10.16409264,7.051109556,66,83,-4.121525425
키프로스,2017,26444.07438,92.9,11.05,14.30237847,11.17979838,65,81,-4.960144389
키프로스,2018,29089.47133,98.4,8.37,4.323489878,7.271055739,63,78,-3.823141497
키프로스,2019,28288.46158,91.1,7.07,8.33819037,7.48380791,64,81,-5.693991108
키프로스,2020,26623.80089,115,7.21,-2.547917617,-5.106329209,56,81,-10.19350007
태국,2005,2894.062656,39.2,1.35,16.18984325,7.759716665,22,63,-4.036461304
태국,2006,3369.543198,41.3,1.22,2.943408662,10.78767809,15,58,1.043808092
태국,2007,3973.017172,38.7,1.18,4.200380557,8.893749799,14,57,5.926657493
태국,2008,4379.658787,38.1,1.18,11.39864179,6.263624473,13,58,0.319466142
태국,2009,4213.006654,45.8,0.93,-20.77229334,-12.14028587,10,57,7.876565476
태국,2010,5076.339872,43.8,0.62,22.95552853,14.22026171,9,56,3.367324141
태국,2011,5492.1215,40.8,0.66,12.40027844,9.509416476,14,56,2.542168212
태국,2012,5860.581471,43.7,0.58,5.629497634,3.661679013,13,59,-1.232336697
태국,2013,6168.261356,45.7,0.21,1.680637041,2.514337741,10,58,-2.101536846
태국,2014,5951.883487,42.8,0.58,-5.298331498,0.345467727,16,62,2.858281195
태국,2015,5840.053067,44.4,0.6,0.003921262,1.250152228,15,63,6.915811739
태국,2016,5993.305516,40.8,0.69,-0.991700682,2.696052743,14,60,10.50835945
태국,2017,6593.818352,41.2,0.83,6.227234619,5.180845361,19,60,9.63102707
태국,2018,7296.879608,41.8,0.77,8.274295873,3.35104987,19,59,5.610325153
태국,2019,7817.009671,41.1,0.72,-5.166684606,-2.953553417,28,60,6.989971441
태국,2020,7186.874092,50.5,1.02,-13.28968813,-19.43395202,25,59,4.042466746
터키,2005,7456.296101,50.2,10.64,12.14211626,8.331541186,28,61,-4.143720244
터키,2006,8101.856924,44.3,8.72,7.239166693,5.701051915,27,59,-5.593853703
터키,2007,9791.88245,37.8,8.87,9.641389265,6.976941575,20,62,-5.422570891
터키,2008,10941.17215,37.8,9.71,-2.760215764,3.883589792,19,59,-5.117058597
터키,2009,9103.474051,43.5,12.55,-14.6617009,-3.616906527,16,60,-1.749650385
터키,2010,10742.77498,39.7,10.66,19.36516604,1.721515212,19,60,-5.742654435
터키,2011,11420.55546,36.2,8.8,14.97768739,12.92105453,18,62,-8.870446326
터키,2012,11795.63346,32.4,8.15,0.618577567,14.49775413,13,65,-5.446556441
터키,2013,12614.78161,31.2,8.73,10.92074377,4.932653541,11,65,-5.831801022
터키,2014,12157.99043,28.5,9.88,0.29931489,7.077929125,12,66,-4.13769543
터키,2015,11006.27952,27.4,10.24,0.66240083,3.23879844,9,63,-3.160184333
터키,2016,10894.60338,28,10.84,2.995930839,-1.74188879,5,61,-3.108913287
터키,2017,10589.66772,28,10.82,10.63507619,12.40929144,7,57,-4.750893776
터키,2018,9454.348443,30.2,10.89,-6.181933282,8.813683969,10,55,-2.793164397
터키,2019,9121.515167,32.6,13.67,-5.384183967,4.561168573,10,54,0.698419066
터키,2020,8536.43332,39.7,13.92,7.585719531,-14.79578821,12,52,-4.86391631
파라과이,2005,1843.634108,21.8,4.83,7.083977261,10.50288828,26,21,-0.628692309
파라과이,2006,2271.088885,17.8,5.28,2.429746842,3.43339857,23,24,1.244476806
파라과이,2007,2976.824014,13.9,4.71,9.087643663,8.677029786,23,29,4.362414934
파라과이,2008,4047.909791,10.4,4.42,12.57256185,6.474912453,21,33,0.810834443
파라과이,2009,3626.818637,12.1,5.46,-10.3294404,-9.930213323,20,36,2.700640643
파라과이,2010,4359.428415,10.4,4.57,34.84458096,23.64626254,21,40,0.181486796
파라과이,2011,5329.387437,8.1,4.67,1.770403065,0.33941902,25,38,0.591623938
파라과이,2012,5185.141549,10.8,4.09,-5.714887913,-5.683240956,20,42,-0.85957436
파라과이,2013,5936.975959,10.9,4.39,4.965372741,13.60496802,23,43,1.607333799
파라과이,2014,6118.31811,13.5,5.03,2.083057834,-4.300824851,42,43,-0.125469234
파라과이,2015,5413.776021,15.06,4.56,-2.980039068,3.204341393,49,45,-0.400166824
파라과이,2016,5324.609068,17.3,5.26,0.928211265,9.166397189,50,42,3.616995567
파라과이,2017,5678.869972,18.2,4.62,12.30509397,8.478431338,46,41,2.902874817
파라과이,2018,5782.78455,19.8,5.56,8.294329128,-0.39651504,44,52,-0.168382919
파라과이,2019,5380.963322,22.9,6.6,-2.048408132,-3.409208714,46,47,-0.559187132
파라과이,2020,5001.07276,33.9,7.61,-17.04370277,-10.2981978,48,43,2.487206543
파키스탄,2005,748.9225893,63.5,0.61,39.52680709,11.72716027,5,26,-3.003782624
파키스탄,2006,836.8605262,57.5,0.58,18.68259828,9.890711986,3,34,-4.915343423
파키스탄,2007,908.0950852,56.4,0.4,-4.070268905,1.50972772,1,31,-5.447360948
파키스탄,2008,990.8466112,60.7,0.42,5.861903896,-4.552083006,1,31,-9.20431632
파키스탄,2009,957.9956753,61.6,0.54,-15.9057208,-3.361178732,1,31,-2.374882004
파키스탄,2010,987.409712,62.4,0.65,4.346972008,15.70766001,0,30,-0.764256567
파키스탄,2011,1164.978823,60.1,0.8,-0.119291427,2.372197794,0,29,-1.03330059
파키스탄,2012,1198.117637,63.3,1.7,-3.095571871,-15.00084242,1,26,-1.043748198
파키스탄,2013,1208.91771,63.9,2.95,1.810099359,13.58083445,1,26,-1.909881224
파키스탄,2014,1251.175719,63.5,1.83,0.254337372,-1.480176254,3,28,-1.496966237
파키스탄,2015,1356.667831,63.3,3.57,-1.607358484,-6.343528474,1,29,-1.036014221
파키스탄,2016,1368.426961,67.6,3.78,16.02185807,-1.603304402,1,27,-2.580577183
파키스탄,2017,1464.926195,67,3.94,21.16385027,-0.642384051,2,29,-5.312331129
파키스탄,2018,1482.213067,72,4.08,17.64269992,12.67938852,3,29,-5.995210729
파키스탄,2019,1288.556325,86,3.98,4.345887146,14.49380169,3,27,-3.066735468
파키스탄,2020,1188.859757,87,4.65,-7.91330967,2.476231413,5,24,0.093298426
페루,2005,2729.499172,40,4.86,12.17769309,14.16135855,19,55,1.508810261
페루,2006,3154.331349,34.8,4.26,12.69950809,1.182316655,22,57,3.240507167
페루,2007,3606.070689,31.9,3.92,21.29971268,6.66172735,21,60,1.429314635
페루,2008,4220.616378,27.9,3.82,24.98026069,7.781769107,17,63,-4.411120778
페루,2009,4196.311627,28.4,3.73,-15.93997266,-3.292332621,14,64,-0.598288729
페루,2010,5082.353706,25.4,3.3,26.5804226,3.232102056,17,65,-2.416091062
페루,2011,5869.323882,23,3.27,13.59561608,5.489002628,22,67,-1.964222121
페루,2012,6528.971775,21.2,2.94,9.997686514,3.106122199,19,68,-3.161690349
페루,2013,6756.752996,20,3.21,2.866601753,-0.564693912,20,66,-5.159475181
페루,2014,6672.877373,20.7,2.85,-0.990496384,-3.803059502,27,69,-4.525097639
페루,2015,6229.100674,24,2.92,0.972106435,4.26188239,32,69,-5.018748195
페루,2016,6204.996457,24.5,3.38,1.568725477,11.75035283,38,70,-2.639140665
페루,2017,6710.507602,25.4,3.35,7.099016325,8.806859247,36,68,-1.264686448
페루,2018,6957.793411,25.8,3.18,3.512339145,3.365986337,37,69,-1.759169174
페루,2019,7027.612207,27.1,3.03,1.705997901,-0.537768969,42,72,-0.9425982
페루,2020,6126.87454,35.4,6.24,-14.92248062,-19.01277221,39,70,0.783466452
포르투갈,2005,18773.12536,72.2,7.58,2.185051038,0.257734563,81,88,-9.603791292
포르투갈,2006,19822.84603,73.7,7.65,7.559396685,12.44629756,79,81,-10.23878515
포르투갈,2007,22782.09462,72.7,7.96,5.598475662,6.443667804,77,83,-9.670201832
포르투갈,2008,24847.54514,75.6,7.55,2.23118953,-0.417025096,81,82,-11.90440757
포르투갈,2009,23059.79745,87.8,9.43,-9.495401478,-10.04569497,73,80,-10.3081859
포르투갈,2010,22498.69086,100.2,10.77,7.801116529,9.209004734,71,75,-10.25998476
포르투갈,2011,23186.91313,114.4,12.68,-6.180792347,6.882920404,70,72,-6.012859315
포르투갈,2012,20564.88986,129,15.53,-6.276455463,3.080563197,71,76,-1.64714402
포르투갈,2013,21647.04181,131.4,16.18,4.680596814,7.202307014,69,76,1.643720597
포르투갈,2014,22074.30076,132.9,13.89,7.920763225,4.303530005,74,75,0.148458738
포르투갈,2015,19242.36647,131.2,12.44,8.049890803,6.261534575,78,79,0.236131235
포르투갈,2016,19978.40121,131.5,11.07,5.012209954,4.430650329,80,76,1.169779198
포르투갈,2017,21437.3475,126.1,8.87,8.102207577,8.405625108,90,79,1.375531521
포르투갈,2018,23551.04829,121.5,6.99,4.968923714,4.133419289,90,79,0.54576784
포르투갈,2019,23330.81729,116.6,6.46,4.942595545,4.075287618,88,78,0.422018697
포르투갈,2020,22176.29671,135.2,7.2,-12.12873597,-18.63643608,86,75,-1.061041501
폴란드,2005,8021.505743,46.6,17.75,6.307497988,9.970074336,57,73,-2.889160096
폴란드,2006,9035.410467,47.3,13.84,17.864683,15.37275179,55,72,-4.324448197
폴란드,2007,11254.51739,44.5,9.6,15.79664466,10.05841604,70,74,-6.697457078
폴란드,2008,13996.02515,46.7,7.12,9.457718214,7.051172914,78,75,-6.991260319
폴란드,2009,11526.05589,49.8,8.17,-12.5870299,-5.934665556,82,78,-4.221154585
폴란드,2010,12613.011,53.5,9.64,14.2199397,12.83605712,84,80,-5.556086074
폴란드,2011,13879.56099,54.7,9.63,5.641160004,7.671845698,86,78,-5.365499131
폴란드,2012,13097.27085,54.4,10.09,-0.362190762,4.257996207,86,79,-4.050560753
폴란드,2013,13696.4663,56.6,10.33,1.570191539,5.544676805,82,81,-1.816641951
폴란드,2014,14271.30585,51.1,8.99,9.936492868,6.708431661,76,81,-2.619834109
폴란드,2015,12578.49547,51.3,7.5,6.918088317,8.032935708,75,80,-0.909772213
폴란드,2016,12447.43959,54.2,6.16,7.881281701,9.266128923,63,80,-0.786872846
폴란드,2017,13864.68176,50.6,4.89,10.1995957,9.627395411,64,79,-0.392775904
폴란드,2018,15468.48222,48.8,3.85,7.449788288,6.94919415,63,80,-1.283086364
폴란드,2019,15732.20313,45.6,3.28,3.047477539,5.191876977,65,81,0.474149029
폴란드,2020,15720.99466,57.1,3.55,-1.15251923,0.132853171,63,76,2.902831544
프랑스,2005,34760.18502,67.4,8.49,6.320284121,3.975619735,58,86,-0.006497396
프랑스,2006,36443.62631,64.6,8.45,5.600584028,5.997733577,64,87,0.022182652
프랑스,2007,41508.43269,64.5,7.66,5.75570182,2.791189943,65,87,-0.328107443
프랑스,2008,45334.11796,68.8,7.06,1.295002635,0.440686648,65,87,-0.965021192
프랑스,2009,41575.42196,83,8.74,-9.35456279,-10.89804241,64,86,-0.821478032
프랑스,2010,40638.33525,85.3,8.87,8.892522592,8.695173397,69,87,-0.833686089
프랑스,2011,43790.72602,87.8,8.81,5.837368345,6.363889724,65,85,-1.031261578
프랑스,2012,40874.70039,90.6,9.4,0.200223647,2.842135544,64,83,-1.224934559
프랑스,2013,42592.93539,93.4,9.92,2.418481061,2.140711692,62,85,-0.86738076
프랑스,2014,43011.2631,94.9,10.29,4.89868639,3.272421028,58,82,-1.309688821
프랑스,2015,36638.18493,95.6,10.35,5.898053683,4.645919204,51,84,-0.374473265
프랑스,2016,37037.37419,98,10.04,2.928765377,1.775862602,43,83,-0.493879753
프랑스,2017,38685.25849,98.1,9.41,4.486842018,4.385892502,56,84,-0.69448779
프랑스,2018,41572.48501,97.8,9.02,3.079156125,4.526985173,48,84,-0.874125817
프랑스,2019,40578.64429,97.4,8.44,2.344320626,1.618733498,57,91,-0.300968171
프랑스,2020,39030.36037,114.6,8.62,-11.86574416,-15.8171476,57,86,-1.865180918
핀란드,2005,39040.28888,39.9,8.38,11.18136151,6.948053981,100,99,3.800027446
핀란드,2006,41188.0937,38.1,7.72,6.590324842,9.813795526,100,95,3.686875934
핀란드,2007,48414.84509,33.9,6.85,7.381422203,8.987416018,100,93,3.740732468
핀란드,2008,53554.03892,32.6,6.37,7.965697951,6.601188874,100,95,2.006662923
핀란드,2009,47293.99283,41.5,8.25,-16.99761716,-20.11359073,99,98,1.745633191
핀란드,2010,46459.97325,46.9,8.39,6.303637883,6.180251346,97,99,1.120560236
핀란드,2011,51081.99767,48.3,7.78,6.207044367,2.02900119,98,98,-1.742976814
핀란드,2012,47710.79022,53.6,7.69,1.123383874,0.233335101,98,98,-2.283762299
핀란드,2013,49878.04324,56.2,8.19,0.125059869,0.57272102,97,99,-1.790034418
핀란드,2014,50260.29986,59.8,8.66,-0.896914614,-1.951681418,96,99,-1.380759328
핀란드,2015,42784.69836,63.6,9.38,1.962913801,0.391667673,87,98,-0.942429142
핀란드,2016,43784.28396,63.2,8.82,5.721461728,3.893379651,84,97,-2.012256394
핀란드,2017,46297.49635,61.2,8.64,4.313540138,8.822129914,88,97,-0.765624537
핀란드,2018,49964.49991,59.8,7.36,5.730570195,1.503208499,80,96,-1.871951427
핀란드,2019,48678.31413,59.6,6.7,2.314146518,6.827257803,76,98,-0.327195635
핀란드,2020,48773.28117,69,7.83,-6.508751819,-6.771293118,82,99,0.9447046
필리핀,2005,1244.348741,62.8,3.8,3.727426517,12.49810928,14,49,1.85290786
필리핀,2006,1452.438089,55.4,4.05,0.392838606,10.05717955,8,50,5.454525449
필리핀,2007,1744.639979,51.4,3.43,-0.246217933,2.862153079,8,51,5.174974364
필리핀,2008,1998.02692,54.7,3.72,4.78159517,-4.300348242,8,52,0.079295968
필리핀,2009,1904.196388,54.8,3.86,-2.347185468,-4.7083174,6,51,4.800784705
필리핀,2010,2217.472153,52.4,3.61,20.74706239,20.30773106,5,45,3.445411927
필리핀,2011,2450.735694,51,3.59,-0.936149322,-0.78086243,9,44,2.409188641
필리핀,2012,2694.305109,51.5,3.5,6.754689696,4.50742252,14,52,2.653278535
필리핀,2013,2871.429701,49.2,3.5,7.006536078,1.973608626,16,50,4.009651001
필리핀,2014,2959.645435,45.4,3.6,9.898246431,12.13709547,22,52,3.61564288
필리핀,2015,3001.043182,44.7,3.07,15.00894042,9.967003067,20,52,2.370947775
필리핀,2016,3073.654686,42.1,2.69,18.81317378,9.206456502,10,54,-0.376262947
필리핀,2017,3123.245642,42.1,2.55,15.14503402,17.40178115,11,56,-0.652387671
필리핀,2018,3252.110274,41.8,2.34,14.6445679,11.81633785,13,53,-2.559391605
필리핀,2019,3485.340844,39.6,2.24,2.332944568,2.636017268,17,55,-0.808558128
필리핀,2020,3298.829586,53.5,3.36,-21.57035028,-16.25226565,19,53,3.067367323
헝가리,2005,11225.93258,60.5,7.19,8.039777133,12.87532778,80,79,-9.874719888
헝가리,2006,11493.10041,64.4,7.49,15.11451821,19.51847969,81,86,-7.276180676
헝가리,2007,13944.97101,65.5,7.41,14.14624429,16.10438314,72,86,-7.280948313
헝가리,2008,15777.19202,71.7,7.82,5.892828775,6.691641824,71,86,-7.024499975
헝가리,2009,13081.79264,78,10.03,-14.18679001,-10.72379882,64,82,-0.680348472
헝가리,2010,13223.083,80,11.17,9.744586917,11.11821366,69,81,0.258370513
헝가리,2011,14240.2575,80.3,11.03,4.05437017,6.407736438,70,81,0.624334161
헝가리,2012,12989.18028,78.1,11,-3.14071018,-1.703779244,69,79,1.544089096
헝가리,2013,13719.95054,77.2,10.18,4.115932861,4.10299087,71,78,3.437639657
헝가리,2014,14298.83367,76.5,7.73,10.90108093,9.197783279,69,75,1.137382715
헝가리,2015,12720.71202,75.7,6.81,5.676976572,7.365379523,70,75,2.336481675
헝가리,2016,13107.37791,74.8,5.12,3.470685093,3.804183205,67,72,4.551530851
헝가리,2017,14623.69665,72.1,4.16,8.396545906,6.475446152,75,74,1.934488521
헝가리,2018,16427.37276,69.1,3.71,6.963504261,4.984565186,71,72,0.25843364
헝가리,2019,16735.65978,65.5,3.42,8.207330249,5.422690096,72,73,-0.673588947
헝가리,2020,15980.74089,79.6,4.35,-3.484515118,-5.933476358,75,68,-1.475104742
호주,2005,34080.9999,1.7,5.03,12.49949395,3.459555597,76,94,-6.235720216
호주,2006,36117.48798,0,4.78,8.461233964,2.988318597,79,95,-6.062232621
호주,2007,41001.14298,-2.2,4.38,10.36380527,4.156448654,79,96,-7.513625113
호주,2008,49654.9106,-3.4,4.23,14.48590229,4.019527555,80,97,-4.939847124
호주,2009,42783.32257,-0.9,5.56,-3.712067749,2.417885224,77,99,-5.268980834
호주,2010,52087.97229,3.7,5.21,6.944700115,4.705703039,78,97,-3.896363502
호주,2011,62574.1457,6.4,5.08,10.4291115,0.847768713,75,98,-3.178403636
호주,2012,68027.84171,10.2,5.22,11.30136591,4.605174389,82,97,-4.169579902
호주,2013,68156.62792,10.4,5.66,0.697635819,5.310459232,83,97,-3.255308103
호주,2014,62511.69059,13.1,6.08,-2.912088761,6.075245539,85,98,-3.093746222
호주,2015,56707.02208,15.1,6.05,1.518684461,6.854067757,76,96,-4.217495101
호주,2016,49881.76371,18.3,5.71,-0.325584798,6.403864132,89,98,-3.413143013
호주,2017,53934.25018,18.3,5.59,5.247607812,5.497191768,80,98,-2.717911242
호주,2018,57180.7794,18.5,5.3,6.95673617,4.114643151,85,98,-2.092526706
호주,2019,54875.28596,19.2,5.16,0.201911522,3.968158399,79,99,0.55019333
호주,2020,51692.84275,24.8,6.61,-7.666706177,-1.741033203,73,98,2.727147673
