국가별,시점,국내총생산(GDP)(당해년 가격) (10억US$),1인당 GDP(당해년 가격) (달러),GDP 성장률 (%),수출 (100만달러),수입 (100만달러),장래인구 (1000명),실업률 (%),소비자물가지수 (2010=100)
한국,1995,566.8,12569,9.6,125058,135119,45093,2.1,54.8
한국,1996,609.9,13398,7.9,129715,150339,45525,2,57.5
한국,1997,569.9,12401,6.2,136164,144616,45954,2.6,60.1
한국,1998,384,8297,-5.1,132313,93282,46287,7,64.6
한국,1999,497.2,10667,11.5,143685,119752,46617,6.3,65.1
한국,2000,576.4,12261,9.1,172268,160481,47008,4.4,66.6
한국,2001,547.7,11563,4.9,150439,141098,47370,4,69.3
한국,2002,627.2,13164,7.7,162471,152126,47645,3.3,71.2
한국,2003,702.6,14669,3.1,193817,178827,47892,3.6,73.7
한국,2004,793.6,16506,5.2,253845,224463,48083,3.7,76.3
한국,2005,934.7,19399,4.3,284419,261238,48185,3.7,78.4
한국,2006,1052.4,21727,5.3,325465,309383,48438,3.5,80.2
한국,2007,1172.7,24088,5.8,371489,356846,48684,3.2,82.2
한국,2008,1046.8,21340,3,422007,435275,49055,3.2,86.1
한국,2009,944.3,19152,0.8,363534,323085,49308,3.6,88.5
한국,2010,1143.9,23083,6.8,466384,425212,49554,3.7,91.1
한국,2011,1253.4,25100,3.7,555214,524413,49937,3.4,94.7
한국,2012,1278,25458,2.4,547870,519584,50200,3.2,96.8
한국,2013,1370.6,27178,3.2,559632,515586,50429,3.1,98
한국,2014,1484,29242,3.2,572665,525515,50747,3.5,99.3
한국,2015,1465.3,28724,2.8,526757,436499,51015,3.6,100
한국,2016,1500,29287,2.9,495426,406193,51218,3.7,101
한국,2017,1623.3,31605,3.2,573694,478478,51362,3.7,102.9
한국,2018,1725.2,33429,2.9,604860,535202,51607,3.8,104.5
한국,2019,1651,31929,2.2,542233,503343,51709,3.8,104.9
한국,2020,1638.2,31637,-0.9,512498,467633,51781,4,105.4
이스라엘,1995,100.7,18167,-,19046,29579,5271,8.8,59.4
이스라엘,1996,110.4,19401,5,20610,31685,5424,8.5,66.2
이스라엘,1997,115,19701,3.9,22591,30840,5567,9.8,72.1
이스라엘,1998,116.2,19462,4,22734,29342,5699,10.8,76.1
이스라엘,1999,117.4,19163,3.1,25794,33166,5825,11.2,80
이스라엘,2000,132.7,21101,7.5,28335,35214,5946,11.1,80.8
이스라엘,2001,131.1,20354,0.1,25719,32697,6061,11.8,81.8
이스라엘,2002,121.4,18480,0,25632,32548,6169,12.9,86.5
이스라엘,2003,127.3,19034,1.1,27875,33657,6278,13.5,87.1
이스라엘,2004,135.7,19934,4.2,33804,40347,6397,13,86.7
이스라엘,2005,142.7,20586,3.8,36608,44453,6529,11.3,87.9
이스라엘,2006,154.2,21855,5.6,39714,47333,6681,10.7,89.7
이스라엘,2007,179.1,24939,5.7,45924,56115,6847,9.4,90.1
이스라엘,2008,216.3,29600,3,51276,64474,7021,7.7,94.2
이스라엘,2009,207.5,27720,0.9,42007,46863,7190,9.5,97.4
이스라엘,2010,234,30694,5.6,50766,58575,7346,8.5,100
이스라엘,2011,261,33611,4.6,58065,72663,7487,7.1,103.5
이스라엘,2012,257.2,32510,2.4,53892,72168,7615,6.9,105.2
이스라엘,2013,292.7,36316,4.2,56844,71071,7735,6.2,106.9
이스라엘,2014,310,37738,3.9,57657,71464,7854,5.9,107.4
이스라엘,2015,300.1,35814,2.2,53536,61340,7978,5.3,106.7
이스라엘,2016,318.6,37283,3.8,52175,65048,8109,4.8,106.1
이스라엘,2017,352.7,40475,3.6,53063,68006,8244,4.2,106.4
이스라엘,2018,370.5,41705,3.5,54211,75741,8382,4,107.3
이스라엘,2019,394.7,43589,3.5,51899,75697,8519,3.8,108.2
이스라엘,2020,402,43611,-2.4,49372,69810,8656,4.3,107.5
일본,1995,5449.1,43429,2.7,443116,336042,126365,3.2,101.1
일본,1996,4833.7,38437,3.1,410922,349165,126644,3.4,101.3
일본,1997,4414.7,35022,1.1,420956,338753,126893,3.4,103
일본,1998,4032.5,31903,-1.1,387935,280489,127117,4.1,103.7
일본,1999,4562.1,36027,-0.3,419354,311244,127326,4.7,103.4
일본,2000,4887.5,38532,2.8,479296,379727,127524,4.8,102.7
일본,2001,4303.5,33846,0.4,403241,349201,127714,5,101.9
일본,2002,4115.1,32289,0.1,416726,337598,127893,5.4,101
일본,2003,4445.7,34808,1.5,471816,383299,128058,5.3,100.7
일본,2004,4815.1,37689,2.2,565673,455189,128204,4.7,100.7
일본,2005,4755.4,37218,1.7,594860,515809,128326,4.5,100.4
일본,2006,4530.4,35434,1.4,646737,579042,128423,4.2,100.7
일본,2007,4515.3,35275,1.7,714211,622135,128494,3.9,100.7
일본,2008,5037.9,39339,-1.1,782049,762590,128539,4,102.1
일본,2009,5231.4,40855,-5.4,580719,551960,128555,5.1,100.7
일본,2010,5700.1,44508,4.2,769773,694052,128542,5.1,100
일본,2011,6157.5,48168,-0.1,822564,854998,128499,4.6,99.7
일본,2012,6203.2,48603,1.5,798620,886036,128424,4.4,99.7
일본,2013,5155.7,40454,2,714613,832343,128314,4,100
일본,2014,4850.4,38109,0.4,690202,812207,128169,3.6,102.8
일본,2015,4389.5,34524,1.2,624787,647982,127985,3.4,103.6
일본,2016,4922.5,38762,0.5,644899,607601,127763,3.1,103.5
일본,2017,4866.9,38387,2.2,698131,671921,127503,2.8,104
일본,2018,4954.8,39159,0.3,738195,748526,127202,2.4,105
일본,2019,5064.9,40113,0.3,705671,721078,126860,2.4,105.5
일본,2020,-,-,-,641341,634430,126476,2.8,105.5
터키,1995,169.5,2898,7.9,21599,35710,58486,7.6,1.3
터키,1996,181.5,3054,7.4,23245,43628,59423,6.6,2.4
터키,1997,189.8,3144,7.6,26260,48560,60373,6.8,4.4
터키,1998,276,4500,2.4,26881,45921,61330,6.9,8.1
터키,1999,256.4,4116,-3.3,26587,40226,62287,7.7,13.3
터키,2000,274.3,4337,6.9,27701,54367,63240,6.5,20.6
터키,2001,201.8,3143,-5.8,31331,41454,64192,8.4,31.8
터키,2002,240.3,3688,6.4,35974,51551,65145,10.4,46.1
터키,2003,314.6,4760,5.8,47125,69453,66089,10.5,56.1
터키,2004,408.9,6102,9.8,63196,97779,67011,10.8,60.9
터키,2005,506.3,7456,9,73715,117115,67903,10.6,65.9
터키,2006,557.1,8102,6.9,86003,140234,68757,8.7,72.2
터키,2007,681.3,9792,5,107654,170837,69582,8.9,78.5
터키,2008,770.5,10941,0.8,132446,201851,70419,9.7,86.7
터키,2009,649.3,9103,-4.8,102471,141186,71321,12.6,92.1
터키,2010,777,10743,8.4,114022,185531,72327,10.7,100
터키,2011,838.8,11421,11.2,135288,241076,73443,8.8,106.5
터키,2012,880.6,11796,4.8,152905,237310,74651,8.2,115.9
터키,2013,957.8,12615,8.5,161698,260639,75925,8.7,124.6
터키,2014,939,12158,4.9,166658,250916,77229,9.9,135.7
터키,2015,864.3,11006,6.1,151158,213281,78529,10.2,146.1
터키,2016,869.7,10895,3.3,149390,202089,79828,10.8,157.4
터키,2017,859,10590,7.5,164671,238662,81116,10.8,175
터키,2018,778.4,9453,3,177328,230447,82340,10.9,203.5
터키,2019,761.4,9127,0.9,181021,210261,83430,13.7,234.4
터키,2020,720.1,8538,1.8,169835,219758,84339,13.1,263.2
캐나다,1995,604,20614,-,191160,-,29164,9.5,75.2
캐나다,1996,628.5,21227,-,202319,-,29458,9.6,76.4
캐나다,1997,655,21902,-,215241,-,29742,9.1,77.6
캐나다,1998,634,21025,2.8,214647,-,30022,8.3,78.4
캐나다,1999,678.4,22315,4,239341,-,30303,7.6,79.7
캐나다,2000,744.8,24271,4.9,288057,243646,30588,6.8,81.9
캐나다,2001,739,23822,1.4,270824,225847,30880,7.2,84
캐나다,2002,760.6,24255,3.4,262476,226952,31178,7.7,85.9
캐나다,2003,895.5,28300,3.8,283926,244646,31488,7.6,88.2
캐나다,2004,1026.7,32144,3.9,328673,279361,31815,7.2,89.9
캐나다,2005,1173.1,36383,5,370734,320129,32164,6.8,91.9
캐나다,2006,1319.3,40504,4.2,398470,356714,32537,6.3,93.7
캐나다,2007,1468.8,44660,6.9,430613,388490,32931,6,95.7
캐나다,2008,1553,46711,1,460709,417928,33338,6.1,98
캐나다,2009,1374.6,40876,-2.9,322965,329000,33746,8.3,98.3
캐나다,2010,1617.3,47562,3.1,392346,401709,34148,8.1,100
캐나다,2011,1793.3,52224,3.1,461441,461006,34539,7.5,102.9
캐나다,2012,1828.4,52669,1.8,461876,475105,34922,7.3,104.5
캐나다,2013,1846.6,52635,2.3,465271,473160,35297,7.1,105.5
캐나다,2014,1805.7,50956,2.9,479377,475000,35664,6.9,107.5
캐나다,2015,1556.5,43596,0.7,410200,429490,36027,6.9,108.7
캐나다,2016,1528,42316,1,394055,413106,36383,7,110.2
캐나다,2017,1649.3,45129,3,424216,443282,36732,6.3,112
캐나다,2018,1721.9,46455,2.4,453475,468729,37075,5.8,114.5
캐나다,2019,1741.6,46327,1.9,450805,462392,37411,5.7,116.8
캐나다,2020,1643.4,43242,-5.4,392129,419688,37742,9.5,117.6
멕시코,1995,360.1,3928,-6.3,79542,75858,91663,7.1,26.4
멕시코,1996,411,4412,6.8,96000,93376,93147,5.5,35.5
멕시코,1997,500.4,5289,6.8,110431,114855,94611,4.2,42.8
멕시코,1998,526.5,5481,5.2,117460,130945,96056,3.7,49.6
멕시코,1999,600.2,6157,2.8,136391,148648,97485,2.6,57.8
멕시코,2000,707.9,7158,4.9,166072,19319,98900,2.7,63.3
멕시코,2001,756.7,7545,-0.4,158821,18884,100298,2.6,67.3
멕시코,2002,772.1,7593,0,161124,18294,101685,3,70.7
멕시코,2003,729.3,7075,1.4,164846,16545,103081,3.5,73.9
멕시코,2004,782.2,7484,3.9,187956,18246,104515,3.9,77.4
멕시코,2005,877.5,8278,2.3,214074,21351,106005,3.6,80.5
멕시코,2006,975.4,9068,4.5,250015,24588,107560,3.6,83.4
멕시코,2007,1052.7,9643,2.3,271881,27023,109171,3.6,86.7
멕시코,2008,1110,10017,1.1,291856,29448,110815,3.9,91.2
멕시코,2009,900,8003,-5.3,229515,18239,112464,5.4,96
멕시코,2010,1057.8,9271,5.1,298384,25085,114093,5.3,100
멕시코,2011,1180.5,10203,3.7,349730,29724,115695,5.2,103.4
멕시코,2012,1201.1,10242,3.6,370289,29590,117274,4.9,107.7
멕시코,2013,1274.4,10725,1.4,379963,31366,118827,4.9,111.8
멕시코,2014,1315.4,10929,2.8,397280,31617,120355,4.8,116.2
멕시코,2015,1171.9,9617,3.3,381170,26214,121858,4.3,119.4
멕시코,2016,1078.5,8745,2.6,373175,20753,123333,3.9,122.8
멕시코,2017,1158.9,9288,2.1,408301,22325,124777,3.4,130.2
멕시코,2018,1222.3,9687,2.2,449221,24145,126191,3.3,136.6
멕시코,2019,1268.9,9946,-0.1,459597,-,127576,3.5,141.5
멕시코,2020,1076.2,8347,-8.2,416235,-,128933,4.5,146.4
미국,1995,7639.7,28691,2.7,584743,770852,265164,5.7,69.9
미국,1996,8073.1,29968,3.8,625073,822025,268335,5.5,71.9
미국,1997,8577.6,31459,4.4,689182,899020,271714,5,73.6
미국,1998,9062.8,32854,4.5,682138,944353,275175,4.5,74.8
미국,1999,9630.7,34514,4.8,695797,1059435,278548,4.2,76.4
미국,2000,10252.3,36335,4.1,781918,1259297,281711,4,79
미국,2001,10581.8,37133,1,729100,1179177,284608,4.7,81.2
미국,2002,10936.4,38023,1.7,693103,1200227,287279,5.8,82.5
미국,2003,11458.2,39496,2.9,724771,1303050,289816,6,84.4
미국,2004,12213.7,41713,3.8,814875,1525516,292355,5.5,86.6
미국,2005,13036.6,44115,3.5,901082,1735061,294994,5.1,89.6
미국,2006,13814.6,46299,2.9,1025967,1918077,297759,4.6,92.4
미국,2007,14451.9,47976,1.9,1148199,2020403,300608,4.6,95.1
미국,2008,14712.8,48383,-0.1,1287442,2169487,303486,5.8,98.7
미국,2009,14448.9,47100,-2.5,1056000,1559700,306308,9.3,98.4
미국,2010,14992.1,48467,2.6,1278300,1913800,309011,9.6,100
미국,2011,15542.6,49883,1.6,1482400,2208000,311584,9,103.2
미국,2012,16197,51603,2.2,1545800,2276000,314044,8.1,105.3
미국,2013,16784.8,53107,1.8,1578500,2268100,316401,7.4,106.8
미국,2014,17527.2,55050,2.5,1621700,2356100,318673,6.2,108.6
미국,2015,18238.3,56863,3.1,1503400,2248800,320878,5.3,108.7
미국,2016,18745.1,58021,1.7,1451500,2186800,323016,4.9,110.1
미국,2017,19543,60110,2.3,1547200,2339600,325085,4.4,112.4
미국,2018,20611.9,63064,3,1665700,2537700,327096,3.9,115.2
미국,2019,21433.2,65280,2.2,1643100,2497500,329065,3.7,117.2
미국,2020,20936.6,63544,-3.5,-,-,331003,8.1,118.7
칠레,1995,73.4,5107,8.9,16016,-,14381,4.7,57.3
칠레,1996,78,5350,6.8,16657,-,14587,7.4,61.5
칠레,1997,85,5745,7.4,17902,-,14786,7.1,65.3
칠레,1998,81.6,5447,4.3,16353,-,14978,7.3,68.7
칠레,1999,75.2,4958,-0.4,17194,-,15163,11.2,70.9
칠레,2000,77.9,5075,5.3,19210,-,15342,10.5,73.7
칠레,2001,71,4575,3.3,18272,-,15516,10.4,76.3
칠레,2002,69.7,4446,3.1,18180,-,15684,10.2,78.2
칠레,2003,75.6,4773,4.1,21651,-,15850,9.8,80.4
칠레,2004,99.2,6195,7.2,33025,-,16015,10.2,81.2
칠레,2005,123,7599,5.7,41974,-,16183,9.3,83.7
칠레,2006,154.8,9465,6.3,59380,-,16355,9,86.6
칠레,2007,173.6,10502,4.9,68561,-,16530,8.4,90.4
칠레,2008,179.6,10751,3.5,64510,-,16708,9.3,98.3
칠레,2009,172.4,10209,-1.6,55463,-,16886,11.3,98.6
칠레,2010,218.5,12808,5.8,71109,-,17063,8.4,100
칠레,2011,252.3,14637,6.1,81438,-,17234,7.3,103.3
칠레,2012,267.1,15352,5.3,78063,-,17400,6.7,106.4
칠레,2013,278.4,15843,4,76770,-,17572,6.2,108.4
칠레,2014,260.5,14671,1.8,75065,-,17759,6.7,113.5
칠레,2015,243.9,13574,2.3,62035,-,17969,6.5,118.4
칠레,2016,250.4,13754,1.7,60718,-,18209,6.7,122.9
칠레,2017,277,14999,1.2,68823,-,18470,7,125.6
칠레,2018,297.6,15888,3.7,75200,-,18729,7.2,128.6
칠레,2019,279.4,14742,0.9,69889,-,18952,7.3,131.9
칠레,2020,252.9,13232,-5.8,71728,-,19116,11.2,135.9
콜롬비아,1995,92.5,2540,5.2,10201,13853,36421,8.7,28.3
콜롬비아,1996,97.2,2621,2.1,10654,13684,37076,11.8,34.2
콜롬비아,1997,106.7,2827,3.4,11556,15378,37724,12.1,40.5
콜롬비아,1998,98.4,2566,0.6,10890,14635,38364,15,48.1
콜롬비아,1999,86.2,2210,-4.2,7,9,38999,20.1,53.3
콜롬비아,2000,99.9,2520,2.9,13159,11757,39630,20.5,58.2
콜롬비아,2001,98.2,2440,1.7,12330,12821,40256,15,62.9
콜롬비아,2002,98,2397,2.5,11975,12695,40875,14.5,66.8
콜롬비아,2003,94.6,2281,3.9,13129,13882,41484,13.2,71.6
콜롬비아,2004,117.1,2783,5.3,16788,16764,42076,12.7,75.8
콜롬비아,2005,145.6,3414,4.8,21146,21204,42648,11.1,79.7
콜롬비아,2006,161.6,3741,6.7,24512,26163,43201,11.3,83.1
콜롬비아,2007,206.2,4714,6.7,30279,32897,43738,10.3,87.7
콜롬비아,2008,242.2,5473,3.3,36787,39666,44255,10.5,93.8
콜롬비아,2009,232.4,5193,1.1,32846,32891,44750,11.3,97.8
콜롬비아,2010,286.6,6337,4.5,39713,40486,45223,11,100
콜롬비아,2011,334.9,7335,6.9,56915,54233,45663,10.1,103.4
콜롬비아,2012,370.9,8050,3.9,60125,59048,46076,9.7,106.7
콜롬비아,2013,382.1,8218,5.1,58826,59381,46495,9.1,108.8
콜롬비아,2014,381.1,8114,4.5,54857,64029,46968,8.6,112
콜롬비아,2015,293.5,6176,3,36018,54058,47521,8.3,117.6
콜롬비아,2016,282.8,5871,2.1,31768,44890,48175,8.7,126.4
콜롬비아,2017,311.9,6377,1.4,38022,46071,48910,8.9,131.9
콜롬비아,2018,334.2,6730,2.6,41905,51230,49661,9.1,136.2
콜롬비아,2019,323.4,6425,3.3,39489,52703,50339,10,141
콜롬비아,2020,271.3,5333,-6.8,31056,43489,50883,15,144.5
코스타리카,1995,11.6,3266,4.2,2702,3253,3546,5.2,20.6
코스타리카,1996,11.7,3215,1.4,2983,3462,3632,6.2,24.2
코스타리카,1997,12.6,3392,5.5,3509,4252,3719,5.7,27.4
코스타리카,1998,13.7,3597,7.2,5526,6239,3804,5.3,30.6
코스타리카,1999,14.3,3669,4.2,6662,6355,3885,5.9,33.7
코스타리카,2000,15,3789,3.9,5932,6339,3962,5.1,37.4
코스타리카,2001,16,3960,3.5,5060,6571,4034,5.9,41.6
코스타리카,2002,16.6,4043,3.4,5289,7315,4101,6.3,45.4
코스타리카,2003,17.3,4148,4.3,6164,7906,4164,6.6,49.7
코스타리카,2004,18.6,4405,4.4,6441,8293,4225,6.4,55.8
코스타리카,2005,20,4676,4,7151,9641,4286,6.6,63.5
코스타리카,2006,22.7,5227,7.3,8453,12741,4345,5.7,70.8
코스타리카,2007,26.9,6104,8.2,9569,14096,4405,4.5,77.4
코스타리카,2008,30.8,6901,4.7,9606,15289,4463,4.8,87.8
코스타리카,2009,30.7,6801,-0.9,8837,11554,4521,7.7,94.6
코스타리카,2010,37.7,8227,5.4,9045,13921,4577,7.2,100
코스타리카,2011,42.8,9230,4.4,10224,18265,4633,10.1,104.9
코스타리카,2012,47.2,10075,4.9,11267,18316,4688,9.8,109.6
코스타리카,2013,50.9,10744,2.5,11480,18128,4742,8.8,115.3
코스타리카,2014,52,10847,3.5,11250,17558,4795,9.1,120.5
코스타리카,2015,56.4,11643,3.7,9422,16274,4848,9,121.5
코스타리카,2016,58.8,12011,4.2,10500,16143,4899,8.6,121.5
코스타리카,2017,60.5,12226,4.2,10913,16796,4950,8.1,123.5
코스타리카,2018,62.3,12469,2.1,11521,18247,4999,9.6,126.2
코스타리카,2019,64,12670,2.2,11864,17573,5048,11.5,128.8
코스타리카,2020,61.5,12077,-4.5,12443,15237,5094,17.4,129.8
오스트리아,1995,241,30326,2.7,57642,66386,7990,4.4,77.1
오스트리아,1996,237.3,29809,2.3,57818,67331,8018,5.3,78.5
오스트리아,1997,212.8,26705,2.1,58590,64776,8033,5.2,79.5
오스트리아,1998,218.3,27362,3.6,62742,68183,8041,5.5,80.3
오스트리아,1999,217.2,27174,3.6,64126,69558,8051,4.7,80.7
오스트리아,2000,196.8,24564,3.4,67479,72143,8069,4.7,82.6
오스트리아,2001,197.3,24538,1.3,70782,74689,8098,4,84.8
오스트리아,2002,213.4,26402,1.7,78716,78308,8134,4.9,86.3
오스트리아,2003,261.7,32223,0.9,97255,99615,8176,4.8,87.5
오스트리아,2004,300.9,36822,2.7,118359,119961,8217,5.8,89.3
오스트리아,2005,316,38403,2.2,125007,127145,8254,5.6,91.4
오스트리아,2006,336,40635,3.5,136933,137388,8285,5.2,92.7
오스트리아,2007,388.7,46856,3.7,163839,163281,8314,4.9,94.7
오스트리아,2008,430.3,51709,1.5,181576,184335,8342,4.1,97.7
오스트리아,2009,400.2,47963,-3.8,137050,143075,8373,5.3,98.2
오스트리아,2010,391.9,46858,1.8,152443,158928,8410,4.8,100
오스트리아,2011,431.1,51375,2.9,177490,191446,8454,4.6,103.3
오스트리아,2012,409.4,48568,0.7,166757,178658,8502,4.9,105.9
오스트리아,2013,430.1,50717,0,175118,183243,8556,5.3,108
오스트리아,2014,442,51717,0.7,178238,182092,8615,5.6,109.7
오스트리아,2015,381.8,44178,1,152759,156078,8679,5.7,110.7
오스트리아,2016,395.6,45277,2,152054,157657,8747,6,111.7
오스트리아,2017,416.2,47309,2.4,168059,175789,8820,5.5,114
오스트리아,2018,454.9,51453,2.6,184778,193682,8891,4.9,116.3
오스트리아,2019,445.1,50122,1.4,178660,184747,8955,4.5,118.1
오스트리아,2020,429,48105,-6.6,168920,171944,9006,5.4,119.7
벨기에,1995,288,28414,2.4,175849,159683,10186,9.3,75
벨기에,1996,279.2,27490,1.3,175356,163604,10208,9.5,76.5
벨기에,1997,252.7,24821,3.8,171881,157260,10224,9,77.8
벨기에,1998,258.5,25338,2,179078,164669,10237,9.3,78.5
벨기에,1999,258.2,25244,3.5,178979,164612,10255,8.7,79.4
벨기에,2000,236.2,23042,3.7,187887,177005,10282,6.6,81.4
벨기에,2001,236.5,22995,1.1,190352,178718,10319,6.2,83.4
벨기에,2002,257.2,24888,1.7,215971,198223,10365,6.9,84.8
벨기에,2003,317.4,30588,1,255631,234962,10419,7.7,86.2
벨기에,2004,368.5,35364,3.6,306807,285611,10480,7.4,88
벨기에,2005,385.6,36796,2.3,334278,318589,10547,8.4,90.4
벨기에,2006,407.9,38673,2.6,366760,351571,10619,8.3,92
벨기에,2007,470.3,44263,3.7,431120,412012,10698,7.5,93.7
벨기에,2008,515.2,48107,0.4,473350,467382,10779,7,97.9
벨기에,2009,481.3,44584,-2,371147,354782,10860,7.9,97.9
벨기에,2010,481,44142,2.9,407705,391275,10939,8.3,100
벨기에,2011,522.6,47349,1.7,475775,466916,11014,7.1,103.5
벨기에,2012,496.2,44673,0.7,446337,439536,11085,7.5,106.5
벨기에,2013,521.6,46745,0.5,468624,451580,11154,8.4,107.7
벨기에,2014,534.7,47701,1.6,472198,453706,11221,8.5,108
벨기에,2015,462.1,40992,2,396773,375541,11288,8.5,108.6
벨기에,2016,475.7,41984,1.3,398391,379428,11354,7.8,110.8
벨기에,2017,501.5,44089,1.6,429640,409210,11420,7.1,113.1
벨기에,2018,543.4,47555,1.8,468638,454968,11482,6,115.5
벨기에,2019,533.3,46414,1.8,446901,427845,11539,5.4,117.1
벨기에,2020,515.3,44594,-6.3,419910,396125,11590,5.6,118
체코,1995,60.1,5824,6.5,21685,-,10358,4,56.2
체코,1996,67.4,6533,4.3,22425,-,10350,3.9,61.1
체코,1997,62.2,6034,-0.5,22701,-,10338,4.3,66.3
체코,1998,66.8,6490,-0.4,26418,-,10323,5.9,73.4
체코,1999,65.2,6337,1.4,26241,-,10306,8.5,75
체코,2000,61.8,6029,4,28996,-,10289,8.8,77.8
체코,2001,67.8,6637,3,33399,-,10271,8,81.4
체코,2002,82.2,8061,1.6,38488,-,10252,7,83
체코,2003,100.1,9819,3.6,48709,-,10239,7.5,83.1
체코,2004,119.8,11750,4.8,67194,-,10239,8.2,85.4
체코,2005,137.1,13431,6.6,77985,76340,10258,7.9,87
체코,2006,156.3,15262,6.8,95143,93430,10299,7.2,89.2
체코,2007,190.2,18467,5.6,122760,118467,10358,5.3,91.7
체코,2008,236.8,22805,2.7,146406,142172,10425,4.4,97.6
체코,2009,207.4,19862,-4.7,113176,105256,10488,6.7,98.5
체코,2010,209.1,19960,2.4,133020,126600,10537,7.3,100
체코,2011,229.6,21871,1.8,162897,152122,10567,6.7,101.9
체코,2012,208.9,19871,-0.8,157167,141515,10581,7,105.3
체코,2013,211.7,20133,0,162302,144320,10587,7,106.8
체코,2014,209.4,19891,2.3,175017,154233,10591,6.1,107.1
체코,2015,188,17830,5.4,157881,141367,10601,5.1,107.5
체코,2016,196.3,18575,2.5,162716,143041,10619,4,108.2
체코,2017,218.6,20636,5.2,182236,163374,10641,2.9,110.9
체코,2018,249,23420,3.2,202751,185102,10666,2.2,113.3
체코,2019,250.7,23490,2.3,199676,179569,10689,2,116.5
체코,2020,243.5,22762,-5.6,192574,171073,10709,2.6,120.2
덴마크,1995,185,35351,3,51478,45728,5233,7,72.9
덴마크,1996,187.6,35651,2.9,51480,45004,5255,6.8,74.4
덴마크,1997,173.5,32836,3.3,49119,44406,5278,5.4,76
덴마크,1998,177,33368,2.2,48839,46330,5300,5,77.4
덴마크,1999,178,33441,2.9,50399,44519,5322,5.1,79.4
덴마크,2000,164.2,30744,3.7,50380,44356,5341,4.5,81.7
덴마크,2001,164.8,30752,0.8,51068,44124,5358,4.2,83.6
덴마크,2002,178.6,33229,0.5,56304,48886,5373,4.3,85.6
덴마크,2003,218.1,40459,0.4,65267,56216,5387,5.4,87.4
덴마크,2004,251.4,46512,2.7,75620,66886,5403,5.2,88.4
덴마크,2005,264.5,48800,2.3,82278,72710,5422,4.8,90
덴마크,2006,282.9,52027,3.9,90903,84161,5444,3.9,91.7
덴마크,2007,319.4,58487,0.9,101942,97344,5470,3.8,93.3
덴마크,2008,353.4,64322,-0.5,116331,109013,5498,3.7,96.5
덴마크,2009,321.2,58163,-4.9,92115,80107,5526,6.4,97.7
덴마크,2010,322,58041,1.9,96220,82720,5555,7.8,100
덴마크,2011,344,61754,1.3,112706,96004,5583,7.8,102.8
덴마크,2012,327.1,58508,0.2,106102,91325,5611,7.8,105.2
덴마크,2013,343.6,61191,0.9,110470,97257,5638,7.4,106.1
덴마크,2014,353,62549,1.6,110739,99032,5664,6.9,106.7
덴마크,2015,302.7,53255,2.3,94567,85211,5689,6.3,107.1
덴마크,2016,313.1,54664,3.2,94731,84430,5711,6,107.4
덴마크,2017,332.1,57610,2.8,101573,92251,5732,5.8,108.6
덴마크,2018,356.9,61599,2.2,108524,101666,5752,5.1,109.5
덴마크,2019,350.1,60213,2.8,109989,97209,5772,5,110.3
덴마크,2020,355.2,60909,-2.7,107227,96800,5792,5.6,110.8
에스토니아,1995,4.5,3131,-,1839,2545,1433,9.7,42
에스토니아,1996,4.8,3377,4.9,2076,3223,1418,9.9,51.7
에스토니아,1997,5.1,3678,13,2924,4429,1410,10.4,57.2
에스토니아,1998,5.7,4088,4.3,3199,4725,1406,9.5,61.8
에스토니아,1999,5.8,4145,-0.4,2408,3428,1404,11.6,63.9
에스토니아,2000,5.7,4076,10.1,3166,4234,1399,13.4,66.5
에스토니아,2001,6.3,4509,6,3314,4300,1392,13.1,70.3
에스토니아,2002,7.4,5345,6.8,3448,4811,1383,10,72.8
에스토니아,2003,9.9,7206,7.6,4539,6481,1373,11.3,73.8
에스토니아,2004,12.1,8913,6.8,5934,8334,1364,10.3,76
에스토니아,2005,14.1,10406,9.5,7698,10213,1356,8,79.1
에스토니아,2006,17,12632,9.7,9705,13472,1349,5.9,82.6
에스토니아,2007,22.4,16742,7.6,11018,15686,1344,4.6,88.1
에스토니아,2008,24.4,18227,-5.1,12472,16059,1340,5.5,97.2
에스토니아,2009,19.7,14795,-14.4,9065,10149,1336,13.6,97.1
에스토니아,2010,19.7,14784,2.7,11598,12286,1332,16.7,100
에스토니아,2011,23.4,17624,7.4,16728,17478,1328,12.3,105
에스토니아,2012,23.2,17534,3.1,16087,18092,1323,10,109.1
에스토니아,2013,25.3,19174,1.3,16316,18459,1319,8.6,112.1
에스토니아,2014,26.8,20367,3,16043,18296,1316,7.4,112
에스토니아,2015,23,17522,1.8,12836,14521,1315,6.2,111.5
에스토니아,2016,24.3,18437,3.2,13171,14959,1317,6.8,111.6
에스토니아,2017,26.9,20408,5.5,14558,16674,1319,5.8,115.5
에스토니아,2018,30.6,23159,4.4,17017,19140,1323,5.4,119.4
에스토니아,2019,31.5,23718,5,16112,18022,1326,4.5,122.1
에스토니아,2020,31,23312,-2.9,16375,17335,1327,6.8,121.6
핀란드,1995,134.2,26272,4.2,39573,28114,5119,17,80
핀란드,1996,132.1,25783,3.7,38435,29264,5137,15.6,80.5
핀란드,1997,126.9,24692,6.3,39316,29784,5152,15,81.4
핀란드,1998,134,26009,5.5,42104,31364,5164,13.2,82.6
핀란드,1999,135.2,26177,4.4,41842,31618,5176,11.7,83.5
핀란드,2000,125.7,24285,5.8,45482,33900,5188,11.1,86.1
핀란드,2001,129.4,24946,2.6,42831,32156,5200,10.3,88.3
핀란드,2002,139.7,26870,1.7,44702,33661,5213,10.4,89.7
핀란드,2003,171.3,32855,2,52516,41602,5227,10.5,90.5
핀란드,2004,197.1,37703,4,60920,50679,5242,10.4,90.6
핀란드,2005,204.8,39040,2.8,65193,58435,5259,8.4,91.2
핀란드,2006,216.9,41188,4,77289,69449,5277,7.7,92.6
핀란드,2007,256.1,48415,5.3,90092,81756,5298,6.9,95
핀란드,2008,284.6,53554,0.8,96839,92108,5319,6.4,98.8
핀란드,2009,252.5,47294,-8.1,62892,60887,5342,8.3,98.8
핀란드,2010,249.2,46460,3.2,69489,68769,5366,8.4,100
핀란드,2011,275.2,51082,2.5,79144,84252,5390,7.8,103.4
핀란드,2012,258.3,47711,-1.4,73116,76560,5415,7.7,106.3
핀란드,2013,271.3,49878,-0.9,74445,77589,5439,8.2,107.9
핀란드,2014,274.5,50260,-0.4,74335,76767,5461,8.7,109
핀란드,2015,234.4,42785,0.5,59740,60437,5481,9.4,108.8
핀란드,2016,240.6,43784,2.8,57419,60848,5498,8.8,109.2
핀란드,2017,255,46297,3.2,67478,70596,5511,8.6,110
핀란드,2018,275.8,50013,1.3,75215,78635,5523,7.4,111.2
핀란드,2019,269,48712,1.3,72839,73718,5532,6.7,112.3
핀란드,2020,271.2,49041,-2.8,65668,68085,5541,7.8,112.7
프랑스,1995,1601.1,26890,2.1,286738,275275,57802,11.8,79.5
프랑스,1996,1605.7,26872,1.4,287667,277673,58012,12.4,81
프랑스,1997,1452.9,24229,2.3,289736,269642,58221,12.6,82
프랑스,1998,1503.1,24974,3.6,305641,288389,58444,12.1,82.6
프랑스,1999,1492.6,24673,3.4,299666,294187,58704,12,83
프랑스,2000,1362.2,22364,3.9,298737,311022,59015,10.2,84.4
프랑스,2001,1376.5,22434,2,299339,307640,59384,8.6,85.8
프랑스,2002,1494.3,24177,1.1,312585,317448,59803,8.7,87.4
프랑스,2003,1840.5,29568,0.8,368888,377051,60252,8.3,89.3
프랑스,2004,2115.7,33741,2.8,418369,443662,60698,8.9,91.2
프랑스,2005,2196.1,34760,1.7,441919,488868,61120,8.5,92.8
프랑스,2006,2318.6,36444,2.4,491289,547224,61509,8.5,94.3
프랑스,2007,2657.2,41508,2.4,553420,633577,61869,7.7,95.7
프랑스,2008,2918.4,45334,0.3,611190,717300,62209,7.1,98.4
프랑스,2009,2690.2,41575,-2.9,476811,560652,62543,8.7,98.5
프랑스,2010,2642.6,40638,1.9,514453,606624,62880,8.9,100
프랑스,2011,2861.4,43791,2.2,585584,713863,63222,8.8,102.1
프랑스,2012,2683.8,40875,0.3,559330,668453,63564,9.4,104.1
프랑스,2013,2811.1,42593,0.6,570929,676639,63894,9.9,105
프랑스,2014,2852.2,43011,1,571322,670282,64194,10.3,105.5
프랑스,2015,2438.2,36638,1.1,496183,563561,64453,10.4,105.6
프랑스,2016,2471.3,37037,1.1,488931,559214,64668,10.1,105.8
프랑스,2017,2588.7,38685,2.3,525890,612136,64843,9.4,106.9
프랑스,2018,2786.5,41526,1.8,570735,667876,64991,9,108.8
프랑스,2019,2715.5,40380,1.5,559150,647361,65130,8.4,110
프랑스,2020,2603,38625,-8.1,478333,572028,65274,8,110.6
독일,1995,2585.8,31658,1.5,523802,464271,81139,8.2,80.5
독일,1996,2497.2,30486,0.8,524198,458783,81324,8.8,81.6
독일,1997,2212,26964,1.8,512427,445616,81399,9.9,83.2
독일,1998,2239,27289,2,543397,471418,81403,9.8,84
독일,1999,2194.2,26726,1.9,542890,473557,81390,8.9,84.5
독일,2000,1943.1,23636,2.9,550236,495463,81401,7.9,85.7
독일,2001,1944.1,23608,1.7,571479,486073,81454,7.8,87.4
독일,2002,2068.6,25078,-0.2,616014,490486,81535,8.5,88.6
독일,2003,2496.1,30244,-0.7,751792,604715,81614,9.8,89.6
독일,2004,2809.2,34044,1.2,909456,715863,81646,10.7,91
독일,2005,2845.8,34507,0.7,969983,775620,81603,11.2,92.5
독일,2006,2992.2,36323,3.8,1108901,907453,81472,10.3,93.9
독일,2007,3421.2,41587,3,1322195,1055854,81278,8.7,96.1
독일,2008,3730,45427,1,1449275,1185764,81066,7.5,98.6
독일,2009,3397.8,41486,-5.7,1120615,925805,80900,7.7,98.9
독일,2010,3396.4,41532,4.2,1258391,1054196,80827,7,100
독일,2011,3744.4,46645,3.9,1474040,1255007,80856,5.8,102.1
독일,2012,3527.3,43858,0.4,1401668,1155552,80973,5.4,104.1
독일,2013,3732.7,46286,0.4,1444913,1181116,81174,5.2,105.7
독일,2014,3883.9,47960,2.2,1494234,1207209,81450,5,106.7
독일,2015,3356.2,41087,1.5,1326206,1051132,81787,4.6,107.2
독일,2016,3467.5,42108,2.2,1334343,1055316,82194,4.1,107.7
독일,2017,3673.5,44443,2.6,1448178,1162898,82658,3.8,109.4
독일,2018,3961.8,47787,1.3,1560537,1284352,83124,3.4,111.2
독일,2019,3861.1,46468,0.6,1489430,1233994,83517,3.1,112.9
독일,2020,3806.1,45724,-4.9,1380378,1170726,83784,3.8,113.4
그리스,1995,136.9,12959,2.1,11025,25931,10746,9.1,57
그리스,1996,145.9,13749,2.9,11923,28559,10832,9.7,61.7
그리스,1997,143.2,13428,4.5,5373,23644,10906,9.6,65.1
그리스,1998,144.4,13472,3.9,5566,23247,10970,10.8,68.2
그리스,1999,142.5,13245,3.1,10475,28013,11028,11.9,70
그리스,2000,130.1,12043,3.9,190229,179199,11082,11.3,72.2
그리스,2001,136.2,12538,4.1,88068,95299,11134,10.5,74.6
그리스,2002,153.8,14110,3.9,10332,31316,11182,10,77.3
그리스,2003,201.9,18478,5.8,13476,44228,11219,9.4,80.1
그리스,2004,240.5,21955,5.1,16642,56125,11235,10.3,82.4
그리스,2005,247.8,22552,0.6,18436,57728,11225,10,85.3
그리스,2006,273.3,24801,5.7,21532,67297,11185,9,88
그리스,2007,318.5,28827,3.3,26552,84851,11120,8.4,90.6
그리스,2008,354.5,31997,-0.3,31281,96615,11040,7.8,94.4
그리스,2009,330,29711,-4.3,25148,74069,10959,9.6,95.5
그리스,2010,296.8,26691,-5.5,28017,65906,10888,12.7,100
그리스,2011,282.6,25451,-10.1,33780,66705,10829,17.9,103.3
그리스,2012,242.1,21915,-7.1,35324,61686,10781,24.4,104.9
그리스,2013,238.5,21749,-2.7,36140,60859,10741,27.5,103.9
그리스,2014,235.3,21602,0.7,35961,61984,10701,26.5,102.6
그리스,2015,195.3,18050,-0.4,28554,46786,10660,24.9,100.8
그리스,2016,192.7,17885,-0.5,28151,46810,10615,23.5,99.9
그리스,2017,199.6,18562,1.3,32629,53496,10569,21.5,101.1
그리스,2018,212.1,19766,1.6,39501,63877,10522,19.3,101.7
그리스,2019,205.3,19151,1.9,37911,62520,10473,17.3,101.9
그리스,2020,189.4,17676,-8.2,35170,55695,10423,16.3,100.7
헝가리,1995,46.4,4495,1.5,12802,15377,10349,10.2,28.7
헝가리,1996,46.7,4525,0.1,15630,18058,10332,10,35.5
헝가리,1997,47.3,4596,3.1,18990,21115,10308,9,42
헝가리,1998,48.7,4744,3.9,22991,25678,10280,8.9,47.9
헝가리,1999,49.1,4793,3.1,24950,27923,10249,6.9,52.7
헝가리,2000,47.2,4624,4.5,28006,31958,10221,6.6,57.9
헝가리,2001,53.7,5276,4.1,30533,33728,10193,5.7,63.2
헝가리,2002,67.6,6655,4.7,34508,37787,10167,5.6,66.5
헝가리,2003,85.3,8421,4.1,43060,47750,10141,5.8,69.6
헝가리,2004,104,10286,4.8,54893,59633,10114,5.8,74.3
헝가리,2005,113,11201,4.2,61767,65293,10086,7.2,76.9
헝가리,2006,115.6,11476,4,73500,75960,10056,7.5,79.9
헝가리,2007,140,13919,0.2,93980,94390,10024,7.4,86.3
헝가리,2008,158.1,15753,1.1,108212,108689,9992,7.8,91.5
헝가리,2009,130.8,13046,-6.7,82658,77367,9959,10,95.4
헝가리,2010,131.9,13192,1.1,94768,87452,9927,11.2,100
헝가리,2011,141.8,14216,1.9,111297,101423,9896,11,103.9
헝가리,2012,128.5,12951,-1.4,102879,94325,9864,11,109.8
헝가리,2013,135.4,13688,1.9,107858,99124,9834,10.2,111.7
헝가리,2014,140.8,14267,4.2,112204,103863,9805,7.7,111.5
헝가리,2015,125.1,12707,3.8,100287,90751,9778,6.8,111.4
헝가리,2016,128.5,13091,2.1,102981,92181,9753,5.1,111.8
헝가리,2017,143,14606,4.3,113675,104581,9730,4.2,114.5
헝가리,2018,160.4,16411,5.4,123815,117217,9708,3.7,117.7
헝가리,2019,163.5,16733,4.6,122059,116516,9685,3.4,121.6
헝가리,2020,155,15899,-5,119412,110442,9660,4.3,125.7
아이슬란드,1995,7.1,26634,-,1804,1759,268,5.2,47.6
아이슬란드,1996,7.4,27615,4.6,1890,2044,270,3.6,48.7
아이슬란드,1997,7.6,27919,5.8,1852,2020,273,3.7,49.6
아이슬란드,1998,8.5,31030,7.4,1927,2482,275,3.1,50.4
아이슬란드,1999,9,32382,4,2002,2517,278,2.2,52.1
아이슬란드,2000,9,32096,5,1896,2575,280,1.9,54.7
아이슬란드,2001,8.2,28897,4,2013,2274,283,1.9,58.2
아이슬란드,2002,9.3,32409,0.6,2231,2276,285,3,61.3
아이슬란드,2003,11.4,39477,2.1,2381,2828,288,4,62.5
아이슬란드,2004,13.8,47335,7.8,2889,3715,291,4,64.5
아이슬란드,2005,16.9,56795,6.1,3092,4989,295,2.6,67.1
아이슬란드,2006,17.5,57493,6.3,3465,6160,300,2.8,71.6
아이슬란드,2007,21.7,69496,8.5,4243,6376,305,2.3,75.2
아이슬란드,2008,18.1,56943,2.2,5376,6107,311,3,84.7
아이슬란드,2009,13.2,41301,-7.7,4056,3603,316,7.2,94.9
아이슬란드,2010,13.8,43237,-2.8,4606,3919,320,7.6,100
아이슬란드,2011,15.2,47715,1.8,5344,4837,323,7,104
아이슬란드,2012,14.8,45996,1.1,5063,4771,326,6,109.4
아이슬란드,2013,16.1,49805,4.6,5001,5020,327,5.4,113.6
아이슬란드,2014,17.9,54577,1.7,5091,5379,329,4.9,116
아이슬란드,2015,17.5,52952,4.4,4768,5310,330,4,117.8
아이슬란드,2016,20.8,61988,6.3,4490,5696,332,3,119.8
아이슬란드,2017,24.7,72010,4.2,4904,6972,334,2.7,122
아이슬란드,2018,26.2,74348,4.7,5612,7688,337,2.7,125.2
아이슬란드,2019,24.8,68883,2.6,5238,6616,339,3.5,129
아이슬란드,2020,21.7,59261,-6.6,4594,5707,341,5.5,132.7
아일랜드,1995,69.2,19161,9.6,44250,32638,3592,12,69
아일랜드,1996,75.8,20835,7.4,48671,35871,3620,11.7,70.2
아일랜드,1997,82.8,22541,11,53340,39349,3651,10.2,71.3
아일랜드,1998,90.1,24274,8.7,64230,44634,3688,7.7,73
아일랜드,1999,98.7,26295,10.5,71222,47196,3731,5.8,74.2
아일랜드,2000,99.9,26246,9.4,77038,50893,3783,4.3,78.4
아일랜드,2001,109.2,28240,5.3,82806,50594,3842,3.7,82.2
아일랜드,2002,127.9,32540,5.9,87923,52082,3908,4.2,86
아일랜드,2003,164.3,41101,3,92830,53865,3980,4.5,89
아일랜드,2004,193.9,47645,6.8,104748,61851,4058,4.5,90.9
아일랜드,2005,211.7,50891,5.7,109617,68531,4141,4.3,93.1
아일랜드,2006,232,54283,5,108771,73143,4231,4.4,96.8
아일랜드,2007,269.8,61337,5.3,121502,83906,4325,5,101.5
아일랜드,2008,274.8,61213,-4.4,125635,84131,4416,6.8,105.7
아일랜드,2009,235.9,52009,-5.1,115571,62494,4495,12.6,100.9
아일랜드,2010,222.1,48698,1.8,117565,63253,4554,14.5,100
아일랜드,2011,237.6,51887,0.6,127476,73013,4591,15.4,102.6
아일랜드,2012,225,48915,0.1,118794,70576,4608,15.5,104.3
아일랜드,2013,238.5,51577,1.2,116731,73445,4615,13.7,104.8
아일랜드,2014,258.9,55587,8.6,121059,82017,4627,11.9,105
아일랜드,2015,291.5,62000,25.2,123361,76977,4652,9.9,104.7
아일랜드,2016,299.6,62994,2,130863,81185,4696,8.4,104.7
아일랜드,2017,338.5,70413,9.1,137358,93197,4753,6.7,105.1
아일랜드,2018,386,79298,8.5,164794,107669,4819,5.7,105.6
아일랜드,2019,398.6,80779,5.6,169585,100758,4882,5,106.6
아일랜드,2020,418.6,83813,3.4,178734,97969,4938,5.6,106.2
이탈리아,1995,1174.7,20665,2.9,233998,206040,57174,11.7,71.6
이탈리아,1996,1312.4,23082,1.3,252039,208092,57065,11.9,74.4
이탈리아,1997,1241.9,21829,1.8,240404,210268,56904,12,75.9
이탈리아,1998,1270.1,22318,1.8,245700,218445,56743,12.1,77.4
이탈리아,1999,1252,21998,1.6,235079,220201,56656,11.7,78.7
이탈리아,2000,1143.8,20088,3.8,240262,239024,56692,10.8,80.7
이탈리아,2001,1167,20483,2,244345,235712,56875,9.6,83
이탈리아,2002,1270.7,22270,0.3,254611,246459,57183,9.2,85
이탈리아,2003,1574.1,27466,0.1,297046,295006,57565,8.9,87.3
이탈리아,2004,1803.2,31260,1.4,354255,355876,57948,7.9,89.2
이탈리아,2005,1857.5,32043,0.8,373635,385286,58281,7.7,91
이탈리아,2006,1947.9,33502,1.8,420342,446115,58543,6.8,92.9
이탈리아,2007,2210.3,37823,1.5,499946,512772,58748,6.1,94.6
이탈리아,2008,2398.9,40778,-1,542113,561127,58922,6.7,97.7
이탈리아,2009,2191.2,37080,-5.3,405070,413905,59106,7.8,98.5
이탈리아,2010,2134,36001,1.7,443973,485063,59325,8.4,100
이탈리아,2011,2292,38599,0.7,525077,561063,59589,8.4,102.8
이탈리아,2012,2087.1,35054,-3,502407,490647,59879,10.7,105.9
이탈리아,2013,2141.3,35550,-1.8,520551,480928,60167,12.2,107.2
이탈리아,2014,2159.1,35518,0,530320,474252,60410,12.7,107.5
이탈리아,2015,1835.9,30230,0.8,456084,410091,60578,11.9,107.5
이탈리아,2016,1875.8,30940,1.3,462388,408241,60663,11.7,107.4
이탈리아,2017,1957,32327,1.7,511753,457388,60674,11.2,108.7
이탈리아,2018,2091.1,34609,0.9,550269,503929,60627,10.6,110
이탈리아,2019,2004.9,33567,0.3,539708,475979,60550,10,110.6
이탈리아,2020,1886.4,31676,-8.9,495092,421828,60462,9.2,110.5
라트비아,1995,5.8,2328,-,1283,1810,2508,-,42.2
라트비아,1996,6,2429,2.6,1424,2311,2479,20.9,49.6
라트비아,1997,6.5,2681,8.9,1664,2718,2453,14.9,53.8
라트비아,1998,7.2,2971,6.3,1801,3189,2431,14.5,56.3
라트비아,1999,7.5,3148,2.7,1723,2945,2408,13.8,57.6
라트비아,2000,7.9,3358,5.7,1865,3183,2384,14.2,59.2
라트비아,2001,8.4,3573,6.3,2001,3504,2359,13.8,60.6
라트비아,2002,9.5,4132,7.1,2284,4053,2333,13.8,61.8
라트비아,2003,11.7,5135,8.4,2893,5242,2306,12.1,63.6
라트비아,2004,14.4,6364,8.5,3982,7048,2279,11.7,67.6
라트비아,2005,17,7575,10.7,5108,8592,2252,10,72.1
라트비아,2006,21.5,9700,12,5893,11431,2225,7,76.9
라트비아,2007,31,14091,10,7892,15182,2198,6.1,84.6
라트비아,2008,35.8,16422,-3.3,9278,15775,2171,7.7,97.6
라트비아,2009,26.3,12288,-14.3,7174,9346,2145,17.5,101.1
라트비아,2010,23.9,11380,-4.4,8851,11143,2119,19.5,100
라트비아,2011,28.4,13776,6.5,11995,15441,2094,16.2,104.4
라트비아,2012,28.3,13923,4.3,12683,16078,2069,15.1,106.7
라트비아,2013,30.4,15123,2.3,13317,16781,2045,11.9,106.7
라트비아,2014,31.3,15714,1.1,13777,17129,2021,10.9,107.4
라트비아,2015,27.2,13775,4,11649,14093,1998,9.9,107.5
라트비아,2016,28.1,14316,2.4,11607,13737,1974,9.6,107.7
라트비아,2017,30.4,15643,3.3,13190,16056,1951,8.7,110.9
라트비아,2018,34.4,17850,4,15070,18616,1928,7.4,113.7
라트비아,2019,34.1,17794,2,14510,17809,1907,6.3,116.9
라트비아,2020,33.5,17620,-3.6,15101,17264,1886,8.1,117.1
리투아니아,1995,7.9,2168,-,2705,3649,3627,17.5,51.3
리투아니아,1996,8.4,2327,5.2,3335,4468,3604,16.4,63.9
리투아니아,1997,10.1,2830,8.3,3860,5644,3580,14.1,69.6
리투아니아,1998,11.2,3167,7.5,3688,5765,3555,13.7,73.1
리투아니아,1999,11,3113,-1.1,3036,4874,3529,13.4,73.7
리투아니아,2000,11.5,3293,3.7,3548,5219,3502,15.9,74.4
리투아니아,2001,12.2,3526,6.5,4279,6060,3474,16.8,75.4
리투아니아,2002,14.3,4142,6.8,5232,7526,3445,13,75.6
리투아니아,2003,18.8,5499,10.6,6970,9669,3414,12.9,74.8
리투아니아,2004,22.6,6700,6.6,9307,12386,3381,10.7,75.6
리투아니아,2005,26.1,7855,7.7,11782,15511,3344,8.3,77.7
리투아니아,2006,30.2,9231,7.4,14153,19413,3303,5.8,80.6
리투아니아,2007,39.7,12285,11.1,17163,24445,3259,4.3,85.2
리투아니아,2008,47.8,14945,2.6,23770,31294,3213,5.8,94.5
리투아니아,2009,37.4,11821,-14.8,16497,18341,3167,13.8,98.7
리투아니아,2010,37.1,11988,1.7,20726,23385,3124,17.8,100
리투아니아,2011,43.5,14377,6,28078,31810,3083,15.4,104.1
리투아니아,2012,42.9,14368,3.8,29625,31988,3046,13.4,107.3
리투아니아,2013,46.5,15730,3.6,32604,34814,3009,11.8,108.5
리투아니아,2014,48.5,16551,3.5,32346,34389,2971,10.7,108.6
리투아니아,2015,41.4,14258,2,25392,28154,2932,9.1,107.6
리투아니아,2016,43,14998,2.5,25009,27333,2890,7.9,108.6
리투아니아,2017,47.6,16844,4.3,29900,32258,2845,7.1,112.6
리투아니아,2018,53.7,19167,3.9,33337,36502,2801,6.2,115.7
리투아니아,2019,54.6,19555,4.3,33152,35760,2760,6.3,118.4
리투아니아,2020,55.9,19998,-0.9,32768,33141,2722,8.5,119.8
룩셈부르크,1995,21.6,52831,1.4,7815,9938,408,2.9,74.2
룩셈부르크,1996,21.8,52572,1.4,7210,9515,414,3.3,75.1
룩셈부르크,1997,19.7,47042,5.7,6971,9323,420,2.5,76.1
룩셈부르크,1998,20.2,47584,6,7919,10165,426,2.8,76.8
룩셈부르크,1999,22.2,51654,8.5,7769,10963,431,2.4,77.6
룩셈부르크,2000,21.3,48736,8.2,7833,10707,436,2.4,80.1
룩셈부르크,2001,21.3,48179,2.5,8202,11255,440,1.8,82.2
룩셈부르크,2002,23.6,52931,3.8,8503,11610,444,2.6,83.9
룩셈부르크,2003,29.6,65446,1.6,9981,13695,447,3.7,85.6
룩셈부르크,2004,34.7,75716,3.6,12168,17011,452,5.1,87.5
룩셈부르크,2005,37.3,80290,3.2,19068,22506,458,4.5,89.7
룩셈부르크,2006,42.4,89740,5.2,22985,27115,466,4.7,92.1
룩셈부르크,2007,50.9,106018,8.4,22949,28047,475,4.1,94.2
룩셈부르크,2008,55.8,114294,-1.3,25691,32169,485,5.1,97.4
룩셈부르크,2009,51.4,103199,-4.4,21321,25282,497,5.1,97.8
룩셈부르크,2010,53.2,104965,4.9,18831,24793,508,4.4,100
룩셈부르크,2011,60,115762,2.5,20849,28855,519,4.9,103.4
룩셈부르크,2012,56.7,106749,-0.4,18878,27325,531,5.1,106.2
룩셈부르크,2013,61.7,113625,3.7,18442,26672,543,5.9,108
룩셈부르크,2014,66.1,118824,4.3,15148,24063,555,5.9,108.7
룩셈부르크,2015,57.7,101376,4.3,12948,19571,567,6.7,109.2
룩셈부르크,2016,60.7,104278,4.6,13179,19517,579,6.3,109.5
룩셈부르크,2017,64,107361,1.8,14285,21422,592,5.5,111.4
룩셈부르크,2018,70.9,116597,3.1,15701,23546,604,5.6,113.1
룩셈부르크,2019,71.1,114685,2.3,14831,22960,616,5.6,115.1
룩셈부르크,2020,73.3,115874,-1.3,13646,20930,626,6.8,116
네덜란드,1995,452.3,29258,3.1,196276,176874,15468,7.2,73.7
네덜란드,1996,450.5,29007,3.5,197417,180639,15563,6.4,75.3
네덜란드,1997,416.8,26701,4.3,194905,178130,15655,5.5,76.9
네덜란드,1998,438,27886,4.7,201374,187747,15746,4.4,78.4
네덜란드,1999,446.9,28263,5,200785,190285,15836,3.6,80.1
네덜란드,2000,416.4,26149,4.2,213424,198926,15926,2.7,81.9
네덜란드,2001,431.2,26873,2.3,216183,195571,16018,2.1,85.4
네덜란드,2002,471.6,29204,0.2,219976,194234,16110,2.6,88.2
네덜란드,2003,578.8,35672,0.2,264860,234023,16201,3.6,90
네덜란드,2004,657.2,40362,2,318075,284027,16287,4.7,91.1
네덜란드,2005,685.1,41979,2.1,349600,310382,16367,5.9,92.7
네덜란드,2006,733.3,44863,3.5,400670,358515,16440,5,93.7
네덜란드,2007,847.5,51733,3.8,472662,421094,16507,4.2,95.2
네덜란드,2008,948,57644,2.2,545562,494752,16568,3.7,97.6
네덜란드,2009,868.1,52514,-3.7,431839,382407,16626,4.4,98.7
네덜란드,2010,846.6,50950,1.3,492703,439992,16683,5,100
네덜란드,2011,904.1,54159,1.6,569638,507870,16738,5,102.3
네덜란드,2012,839,50073,-1,552581,500654,16792,5.8,104.9
네덜란드,2013,876.9,52184,-0.1,575168,513101,16844,7.2,107.5
네덜란드,2014,891,52830,1.4,575720,508207,16893,7.4,108.5
네덜란드,2015,765.3,45175,2,464700,412694,16938,6.9,109.2
네덜란드,2016,783.5,46008,2.2,468172,408049,16981,6,109.5
네덜란드,2017,831.8,48555,2.9,527910,461906,17021,4.8,111
네덜란드,2018,913.6,53019,2.4,587895,521037,17060,3.8,112.9
네덜란드,2019,907.1,52295,1.7,576786,514851,17097,3.4,115.9
네덜란드,2020,912.2,52304,-3.7,551303,484785,17135,3.8,117.4
노르웨이,1995,152,34876,4.2,41992,32968,4367,6.3,73.1
노르웨이,1996,163.5,37322,5,49645,35615,4393,5,74
노르웨이,1997,161.4,36629,5.3,48542,35709,4420,4.7,75.9
노르웨이,1998,154.2,34788,2.6,40399,37473,4447,3.7,77.6
노르웨이,1999,162.3,36371,2,45455,34166,4474,3.3,79.5
노르웨이,2000,171.2,38131,3.2,60058,34391,4499,3.5,81.9
노르웨이,2001,174,38543,2.1,59216,32953,4523,3.7,84.4
노르웨이,2002,195.5,43084,1.4,59663,34873,4546,4,85.5
노르웨이,2003,228.9,50135,0.9,68321,40055,4570,4.2,87.6
노르웨이,2004,264.5,57604,4,82527,48534,4598,4.3,88
노르웨이,2005,308.9,66810,2.6,103751,55481,4632,4.4,89.3
노르웨이,2006,345.6,74148,2.4,122122,64278,4673,3.4,91.4
노르웨이,2007,400.9,85140,3,136371,80378,4719,2.5,92.1
노르웨이,2008,462.3,96944,0.5,171764,90293,4771,2.6,95.5
노르웨이,2009,386.2,79978,-1.7,116778,68970,4827,3.1,97.6
노르웨이,2010,428.8,87694,0.7,130669,77326,4886,3.5,100
노르웨이,2011,498.3,100601,1,160305,90787,4948,3.2,101.3
노르웨이,2012,509.5,101524,2.7,160953,87308,5014,3.1,102
노르웨이,2013,522.8,102913,1,156022,89808,5079,3.4,104.2
노르웨이,2014,498.4,97019,2,144677,89460,5142,3.5,106.3
노르웨이,2015,385.8,74356,2,103809,76388,5200,4.3,108.6
노르웨이,2016,368.8,70461,1.1,89507,75002,5251,4.7,112.4
노르웨이,2017,398.4,75497,2.3,104448,82876,5296,4.2,114.6
노르웨이,2018,437,82268,1.1,123036,87431,5338,3.8,117.7
노르웨이,2019,405.5,75826,0.9,104004,86152,5379,3.7,120.3
노르웨이,2020,362,67294,-0.8,82743,81352,5421,4.4,121.8
폴란드,1995,142.3,3687,7.1,22890,29064,38459,13.7,42
폴란드,1996,160.2,4147,6.1,24389,37045,38510,12.7,50.4
폴란드,1997,159.4,4123,6.4,25708,42237,38545,11,57.9
폴란드,1998,174.7,4518,4.6,28407,46947,38564,9.9,64.6
폴란드,1999,170,4398,4.7,27335,45787,38568,12.3,69.2
폴란드,2000,172.2,4501,4.6,31684,48970,38557,16.3,76
폴란드,2001,190.9,4991,1.3,36159,50378,38530,18.4,80.2
폴란드,2002,199.1,5207,2,41032,55141,38489,19.9,81.7
폴란드,2003,217.8,5702,3.5,53699,68153,38442,19.4,82.2
폴란드,2004,255.1,6681,5,74828,89362,38400,19.1,85
폴란드,2005,306.1,8022,3.5,89245,101399,38369,17.8,86.9
폴란드,2006,344.6,9035,6.1,110941,127260,38354,13.8,88
폴란드,2007,429,11255,7.1,140338,166047,38353,9.6,90.2
폴란드,2008,533.6,13996,4.2,170998,209330,38357,7.1,93.9
폴란드,2009,439.7,11526,2.8,136786,149723,38352,8.2,97.5
폴란드,2010,479.8,12613,3.7,159829,178149,38330,9.6,100
폴란드,2011,528.3,13880,4.8,188853,210824,38287,9.6,104.2
폴란드,2012,498.5,13097,1.3,185474,199235,38227,10.1,108
폴란드,2013,521,13696,1.1,205065,207701,38158,10.3,109
폴란드,2014,542.5,14271,3.4,220061,223564,38091,9,109.1
폴란드,2015,477.8,12578,4.2,199202,196548,38034,7.5,108.1
폴란드,2016,472.6,12447,3.1,203936,199623,37989,6.2,107.4
폴란드,2017,526.5,13865,4.8,234253,233704,37953,4.9,109.6
폴란드,2018,587.4,15468,5.4,263494,268880,37922,3.9,111.6
폴란드,2019,595.9,15695,4.5,266574,265260,37888,3.3,114.1
폴란드,2020,594.2,15656,-2.7,270939,257064,37847,3.2,118
포르투갈,1995,118.1,11781,4.3,22621,32339,10091,7.1,69
포르투갈,1996,122.6,12185,3.5,23824,34104,10134,7.3,71.1
포르투갈,1997,117,11576,4.4,23399,33823,10175,6.6,72.7
포르투갈,1998,123.9,12199,4.8,24220,37049,10214,4.7,74.6
포르투갈,1999,127.4,12471,3.9,25258,42181,10255,4.6,76.4
포르투갈,2000,118.3,11498,3.8,25089,42128,10297,3.8,78.5
포르투갈,2001,121.5,11725,1.9,24930,41665,10341,3.8,82
포르투갈,2002,134.2,12875,0.8,26897,42626,10386,4.5,84.9
포르투갈,2003,164.9,15763,-0.9,33103,50328,10430,6.1,87.6
포르투갈,2004,189,18031,1.8,38452,61287,10471,6.3,89.7
포르투갈,2005,197.2,18773,0.8,38720,63879,10508,7.6,91.8
포르투갈,2006,208.6,19823,1.6,44782,70713,10543,7.7,94.6
포르투갈,2007,240.2,22782,2.5,52493,82280,10573,8,96.9
포르투갈,2008,262.3,24848,0.3,57377,94669,10595,7.6,99.4
포르투갈,2009,243.7,23060,-3.1,44264,71781,10604,9.4,98.6
포르투갈,2010,237.9,22499,1.7,49404,77682,10596,10.8,100
포르투갈,2011,244.8,23187,-1.7,59622,82948,10569,12.7,103.7
포르투갈,2012,216.2,20565,-4.1,58115,72488,10526,15.5,106.5
포르투갈,2013,226.4,21647,-0.9,62797,75727,10473,16.2,106.8
포르투갈,2014,229.6,22074,0.8,63833,78390,10418,13.9,106.5
포르투갈,2015,199.3,19242,1.8,55047,66914,10368,12.4,107
포르투갈,2016,206.3,19978,2,55354,67754,10326,11.1,107.7
포르투갈,2017,220.8,21437,3.5,62129,78762,10289,8.9,109.2
포르투갈,2018,242.2,23551,2.8,68361,89060,10256,7,110.3
포르투갈,2019,239.5,23285,2.5,67064,89539,10226,6.5,110.6
포르투갈,2020,231.3,22440,-7.6,61510,77515,10197,6.8,110.6
슬로바키아,1995,25.8,4819,5.8,8595,-,5375,13.1,44.1
슬로바키아,1996,27.9,5197,6.6,8823,-,5385,11.3,46.6
슬로바키아,1997,27.7,5147,5.9,8794,-,5391,11.9,49.5
슬로바키아,1998,29.9,5539,4.1,10668,-,5395,12.2,52.8
슬로바키아,1999,30.5,5644,-0.1,10220,-,5398,16,58.4
슬로바키아,2000,29.2,5413,1.2,11889,-,5399,19.1,65.4
슬로바키아,2001,30.8,5717,3.3,12641,-,5400,19.4,70.2
슬로바키아,2002,35.1,6534,4.5,14478,-,5400,18.7,72.4
슬로바키아,2003,46.8,8713,5.5,21966,-,5400,17.1,78.6
슬로바키아,2004,57.3,10672,5.3,29215,27645,5399,18.6,84.5
슬로바키아,2005,62.8,11686,6.6,34229,31852,5399,16.3,86.8
슬로바키아,2006,70.7,13160,8.5,44535,41711,5399,13.4,90.7
슬로바키아,2007,86.5,16086,10.8,59013,58050,5399,11.1,93.2
슬로바키아,2008,100.5,18677,5.6,71307,70255,5399,9.5,97.5
슬로바키아,2009,89,16532,-5.5,54206,55572,5401,12,99.1
슬로바키아,2010,90.3,16751,5.9,64231,65304,5404,14.4,100
슬로바키아,2011,99.1,18362,2.8,77202,78980,5409,13.6,103.9
슬로바키아,2012,94.5,17482,1.9,74832,79964,5415,14,107.7
슬로바키아,2013,98.8,18260,0.7,79136,85193,5422,14.2,109.2
슬로바키아,2014,101.2,18674,2.6,79385,85766,5429,13.2,109.1
슬로바키아,2015,88.5,16311,4.8,71454,74971,5436,11.5,108.7
슬로바키아,2016,89.7,16509,2.1,73245,77003,5442,9.7,108.2
슬로바키아,2017,95.2,17504,3,80013,83486,5448,8.1,109.6
슬로바키아,2018,105.5,19365,3.7,90678,93434,5453,6.5,112.3
슬로바키아,2019,105.1,19273,2.5,88736,89929,5457,5.8,115.3
슬로바키아,2020,104.6,19157,-4.8,83272,86476,5460,6.7,117.6
슬로베니아,1995,21.4,10730,-,8316,9492,1991,7.2,44.8
슬로베니아,1996,21.5,10815,3.2,8312,9423,1989,6.9,49.2
슬로베니아,1997,20.8,10455,5,8372,9357,1987,6.7,53.3
슬로베니아,1998,22.1,11176,3.3,11642,13006,1987,7.4,57.5
슬로베니아,1999,22.7,11453,5.3,10585,12485,1988,7.3,61.1
슬로베니아,2000,20.3,10201,3.7,9492,10984,1988,6.9,66.5
슬로베니아,2001,20.9,10480,3.2,10347,11344,1987,5.7,72.1
슬로베니아,2002,23.5,11777,3.5,10962,11574,1987,5.9,77.5
슬로베니아,2003,29.6,14849,3,11285,12239,1988,6.5,81.8
슬로베니아,2004,34.4,17233,4.4,12783,14143,1990,6,84.7
슬로베니아,2005,36.2,18099,3.8,14397,15805,1995,6.5,86.8
슬로베니아,2006,39.5,19673,5.7,17004,18355,2002,6,89
슬로베니아,2007,48,23788,7,19629,21521,2012,4.8,92.2
슬로베니아,2008,55.6,27483,3.5,20042,23038,2023,4.4,97.4
슬로베니아,2009,50.4,24694,-7.5,22646,38166,2034,5.9,98.2
슬로베니아,2010,48.2,23510,1.3,24716,26664,2043,7.2,100
슬로베니아,2011,51.5,25095,0.9,29242,31396,2051,8.2,101.8
슬로베니아,2012,46.6,22643,-2.6,27080,28392,2058,8.8,104.4
슬로베니아,2013,48.4,23497,-1,28629,29380,2063,10.1,106.3
슬로베니아,2014,49.9,24215,2.8,30522,30052,2067,9.7,106.5
슬로베니아,2015,43.1,20882,2.2,26587,25876,2071,9,105.9
슬로베니아,2016,44.7,21664,3.2,27658,26695,2074,8,105.9
슬로베니아,2017,48.5,23455,4.8,31894,31154,2076,6.6,107.4
슬로베니아,2018,54.1,26103,4.4,36488,36273,2078,5.1,109.3
슬로베니아,2019,54.2,25941,3.2,37543,37575,2079,4.5,111.1
슬로베니아,2020,52.9,25180,-5.5,34300,32965,2079,5,111
스페인,1995,614.6,15472,2.8,91716,115019,39787,22.7,66.7
스페인,1996,642.6,16109,2.7,101994,121782,39909,22.1,69.1
스페인,1997,590.1,14731,3.7,104363,122717,40035,20.7,70.5
스페인,1998,619.2,15394,4.4,109228,133149,40202,18.7,71.7
스페인,1999,634.7,15715,4.5,109968,144441,40454,15.5,73.4
스페인,2000,596.9,14713,5.2,113348,152901,40825,13.8,75.9
스페인,2001,627.3,15356,3.9,115177,153636,41319,10.4,78.7
스페인,2002,705.4,17026,2.7,123635,163672,41920,11.2,81.1
스페인,2003,905.5,21463,3,156032,208562,42596,11.3,83.5
스페인,2004,1067.1,24861,3.1,182161,257678,43308,11.1,86.1
스페인,2005,1153.3,26419,3.7,190843,287436,44019,9.2,89
스페인,2006,1259.3,28365,4.1,213353,326051,44729,8.5,92.1
스페인,2007,1472.1,32550,3.6,248918,385356,45429,8.2,94.7
스페인,2008,1625.2,35366,0.9,276962,416373,46069,11.3,98.5
스페인,2009,1485.6,32042,-3.8,220452,290327,46584,17.9,98.2
스페인,2010,1420.7,30503,0.2,246253,315522,46931,19.9,100
스페인,2011,1478.8,31636,-0.8,298523,362914,47084,21.4,103.2
스페인,2012,1324.8,28324,-3,286225,325844,47063,24.8,105.7
스페인,2013,1354.8,29060,-1.4,311633,333928,46931,26.1,107.2
스페인,2014,1369.4,29462,1.4,323850,359132,46778,24.4,107
스페인,2015,1195.1,25732,3.8,282330,312583,46672,22.1,106.5
스페인,2016,1232.1,26505,3,287213,310615,46634,19.6,106.3
스페인,2017,1309.3,28101,3,319442,351023,46647,17.2,108.4
스페인,2018,1421.5,30375,2.4,345315,388721,46693,15.3,110.2
스페인,2019,1393.5,29565,2,332965,372424,46737,14.1,111
스페인,2020,1281.2,27057,-10.8,306752,325193,46755,15.5,110.6
스웨덴,1995,267.3,30283,3.9,79801,64741,8836,8.9,84.3
스웨덴,1996,291.7,32999,1.6,84896,66925,8859,9.6,84.7
스웨덴,1997,268.1,30312,3.1,82946,65676,8869,10.4,85.3
스웨덴,1998,270.8,30597,4.3,84969,68590,8871,8.9,85.1
스웨덴,1999,274.1,30941,4.2,85054,68949,8873,7.6,85.5
스웨덴,2000,262.8,29625,4.8,87946,73256,8882,5.5,86.2
스웨덴,2001,242.4,27248,1.4,78690,64389,8898,4.7,88.3
스웨덴,2002,266.8,29899,2.2,83225,67693,8921,5,90.2
스웨덴,2003,334.3,37322,2.3,102338,84357,8951,5.6,91.9
스웨덴,2004,385.1,42822,4.3,122571,100927,8991,6.7,92.3
스웨덴,2005,392.2,43437,2.9,131081,111083,9039,7.5,92.7
스웨덴,2006,423.1,46594,4.7,146946,128049,9096,7.1,94
스웨덴,2007,491.3,53700,3.4,169604,154052,9163,6.2,96
스웨덴,2008,517.7,56153,-0.5,183770,168333,9236,6.2,99.3
스웨덴,2009,436.5,46947,-4.3,130232,119605,9313,8.4,98.9
스웨덴,2010,495.8,52869,6,157394,149459,9390,8.6,100
스웨덴,2011,574.1,60756,3.2,188338,176682,9467,7.8,103
스웨덴,2012,552.5,58038,-0.6,173163,164519,9543,8,103.9
스웨덴,2013,586.8,61127,1.2,167657,161114,9618,8.1,103.8
스웨덴,2014,582,60020,2.7,164733,161976,9692,8,103.6
스웨덴,2015,505.1,51545,4.5,140090,137980,9765,7.4,103.6
스웨덴,2016,515.7,51965,2.1,138849,139997,9836,7,104.6
스웨덴,2017,541,53792,2.6,152954,153863,9905,6.7,106.5
스웨덴,2018,555.5,54589,2,166766,169405,9972,6.4,108.6
스웨덴,2019,531.3,51687,1.4,161089,158835,10036,6.8,110.5
스웨덴,2020,537.6,51926,-2.8,154297,148940,10099,8.3,111.1
스위스,1995,353.1,50156,0.5,78040,76985,6996,3.3,88.4
스위스,1996,340.5,48145,0.5,76196,74462,7038,3.7,89.1
스위스,1997,295.1,41631,2.3,72493,71064,7069,4.2,89.6
스위스,1998,303.9,42740,3.1,75431,73877,7092,3.6,89.6
스위스,1999,298.5,41786,1.7,76122,75438,7115,3.2,90.3
스위스,2000,279.8,38952,4,80452,82461,7144,2.7,91.7
스위스,2001,287.2,39728,1.6,82077,84086,7179,2.5,92.7
스위스,2002,310.2,42579,0,91986,87345,7220,2.9,93.3
스위스,2003,363.1,49470,0,104954,100342,7268,4.1,93.8
스위스,2004,405.5,54878,2.8,123009,115976,7324,4.3,94.6
스위스,2005,420.5,56547,2.9,130905,126544,7387,4.4,95.7
스위스,2006,443.8,59301,4,147844,141430,7458,4,96.7
스위스,2007,493.5,65360,4,172060,161232,7537,3.7,97.4
스위스,2008,570.3,74572,2.8,200334,183192,7623,3.4,99.8
스위스,2009,558.2,72083,-2.1,172850,155706,7714,4.1,99.3
스위스,2010,603.4,77117,3.3,195512,176305,7809,4.8,100
스위스,2011,722,91254,1.9,234866,208280,7907,4.4,100.2
스위스,2012,692.1,86548,1.2,312464,295961,8008,4.5,99.5
스위스,2013,712.7,88109,1.8,357851,321509,8109,4.8,99.3
스위스,2014,734.4,89685,2.4,311203,275742,8206,4.8,99.3
스위스,2015,702.1,84776,1.7,289820,253110,8297,4.8,98.2
스위스,2016,695.6,83073,2,302849,270068,8380,4.9,97.7
스위스,2017,704.5,83352,1.6,299559,269796,8456,4.8,98.3
스위스,2018,735.9,86430,3,310836,279600,8526,4.7,99.2
스위스,2019,731.5,85300,1.1,313913,277810,8591,4.4,99.5
스위스,2020,748,86602,-2.9,319226,291721,8655,4.8,98.8
영국,1995,1341.6,23124,2.5,242330,261302,57932,8.7,73.9
영국,1996,1415.4,24333,2.5,261122,282525,58114,8.2,76
영국,1997,1558.2,26720,5,281575,301787,58307,7.1,77.7
영국,1998,1651.6,28239,3.7,270776,306838,58510,6.2,79.1
영국,1999,1682.2,28666,3.3,267751,314861,58716,6,80.5
영국,2000,1658.2,28156,3.5,281488,333896,58923,5.6,81.5
영국,2001,1638.7,27718,2.7,270939,324926,59124,4.7,82.7
영국,2002,1780.1,29983,2.2,278399,337949,59326,5,84
영국,2003,2050.9,34384,3.3,305005,381754,59561,4.8,85.1
영국,2004,2412,40209,2.3,345504,456569,59873,4.6,86.3
영국,2005,2532.8,41933,3,380961,488959,60288,4.8,88.1
영국,2006,2706,44473,2.7,450853,560523,60821,5.4,90.3
영국,2007,3093.4,50445,2.4,442478,625864,61455,5.3,92.4
영국,2008,2921.4,47267,-0.3,464247,638779,62145,5.6,95.7
영국,2009,2412.4,38737,-4.1,353627,484216,62829,7.5,97.6
영국,2010,2481.6,39537,2.1,406316,560366,63460,7.8,100
영국,2011,2659.9,42048,1.3,474160,636190,64022,8,103.9
영국,2012,2704,42449,1.4,467941,638419,64525,7.9,106.5
영국,2013,2783.3,43401,2.2,470119,646342,64984,7.5,109
영국,2014,3065.5,47452,2.9,473968,673186,65423,6.1,110.6
영국,2015,2932.8,45039,2.4,427194,609711,65860,5.3,111
영국,2016,2693.2,41048,1.7,394678,576539,66298,4.8,112.1
영국,2017,2662.5,40305,1.7,422275,603489,66727,4.3,114.9
영국,2018,2857.3,42993,1.3,453837,644517,67142,4,117.6
영국,2019,2830.8,42354,1.4,443715,622640,67530,3.7,119.6
영국,2020,2707.7,40285,-9.8,381130,543961,67886,-,120.8
오스트레일리아,1995,367.2,20320,3.8,52692,61283,17993,8.5,67.6
오스트레일리아,1996,400.3,21861,3.9,60479,65427,18189,8.5,69.4
오스트레일리아,1997,434.6,23469,4,62902,65892,18387,8.4,69.6
오스트레일리아,1998,398.9,21319,4.6,55900,64630,18587,7.7,70.2
오스트레일리아,1999,388.6,20533,5.1,56078,65520,18788,6.9,71.2
오스트레일리아,2000,415.2,21679,3.9,63807,71590,18991,6.3,74.4
오스트레일리아,2001,378.4,19491,1.9,63318,64310,19195,6.7,77.7
오스트레일리아,2002,394.6,20082,4,65020,73017,19401,6.4,80
오스트레일리아,2003,466.5,23447,3,70338,89049,19624,5.9,82.2
오스트레일리아,2004,612.5,30431,4.1,86565,109510,19880,5.4,84.1
오스트레일리아,2005,693.4,33999,3.2,106097,125107,20179,5,86.3
오스트레일리아,2006,746.1,36045,2.8,123437,139299,20526,4.8,89.4
오스트레일리아,2007,853.1,40960,3.8,141358,165366,20916,4.4,91.5
오스트레일리아,2008,1054,49602,3.7,187257,200332,21332,4.2,95.5
오스트레일리아,2009,927.8,42772,1.9,154331,165433,21751,5.6,97.2
오스트레일리아,2010,1146.1,52022,2.1,212634,201971,22155,5.2,100
오스트레일리아,2011,1396.6,62518,2.5,270387,243380,22538,5.1,103.3
오스트레일리아,2012,1546.2,68012,3.9,256413,260603,22904,5.2,105.1
오스트레일리아,2013,1576.2,68150,2.6,252643,234275,23255,5.7,107.7
오스트레일리아,2014,1467.5,62511,2.5,239975,214141,23596,6.1,110.4
오스트레일리아,2015,1351.7,56756,2.2,187742,156872,23932,6.1,112
오스트레일리아,2016,1208.8,49971,2.8,192489,146161,24263,5.7,113.5
오스트레일리아,2017,1329.2,54028,2.3,231072,175698,24585,5.6,115.7
오스트레일리아,2018,1432.9,57355,2.9,257174,176018,24898,5.3,117.9
오스트레일리아,2019,1396.6,55057,2.2,271006,154043,25203,5.2,119.8
오스트레일리아,2020,1330.9,51812,-0.3,250570,146522,25500,6.5,120.8
뉴질랜드,1995,63.9,17400,4.7,13738,13958,3675,6.5,71.7
뉴질랜드,1996,70.1,18794,3.6,14361,14723,3717,6.3,73.3
뉴질랜드,1997,66.1,17474,2,14222,14519,3752,6.9,74.2
뉴질랜드,1998,56.2,14738,0.8,12027,12496,3784,7.7,75.1
뉴질랜드,1999,58.8,15322,5.5,12478,14299,3818,7,75
뉴질랜드,2000,52.6,13641,2.9,13298,13906,3859,6.1,77
뉴질랜드,2001,53.9,13883,3.5,13729,13308,3908,5.4,79
뉴질랜드,2002,66.6,16874,4.7,14383,15047,3963,5.3,81.1
뉴질랜드,2003,88.3,21914,4.5,16526,18560,4022,4.8,82.6
뉴질랜드,2004,103.9,25420,4,20344,23194,4080,4,84.4
뉴질랜드,2005,114.7,27751,3.3,21728,26233,4135,3.8,87
뉴질랜드,2006,111.5,26655,2.9,22434,26430,4186,3.9,89.9
뉴질랜드,2007,137.2,32480,3,26622,30689,4233,3.7,92.1
뉴질랜드,2008,133.1,31253,-1.1,30582,34374,4278,4.2,95.7
뉴질랜드,2009,121.4,28209,-0.1,24921,25568,4323,6.1,97.7
뉴질랜드,2010,146.5,33677,1.5,31301,30635,4370,6.6,100
뉴질랜드,2011,168.3,38388,2.3,37669,37106,4419,6.5,104
뉴질랜드,2012,176.2,39973,2.2,37301,38253,4468,6.9,105.1
뉴질랜드,2013,190.9,42977,2.7,39445,39641,4519,5.8,106.3
뉴질랜드,2014,201.3,44573,3.8,41623,42519,4568,5.4,107.6
뉴질랜드,2015,178.1,38631,3.7,34354,36550,4615,5.4,107.9
뉴질랜드,2016,188.9,40080,3.7,33740,36063,4659,5.2,108.6
뉴질랜드,2017,207,42993,3.6,38063,40115,4702,4.7,110.7
뉴질랜드,2018,212.2,43306,3.2,39673,43790,4743,4.3,112.4
뉴질랜드,2019,209.1,41999,1.6,39516,42362,4783,4.1,114.2
뉴질랜드,2020,212.5,41792,1,38897,37135,4822,4.6,116.2
